PRO_COM,comune,regione,SEZ21,SEZ21_ID,COD_TIPO_S,tipo_descrizione,id_macro,nome_macro,POP21,SHAPE_AREA,usato_analisi,min_2019,media_2019,mediana_2019,max_2019,min_2020,media_2020,mediana_2020,max_2020,min_2021,media_2021,mediana_2021,max_2021,min_2022,media_2022,mediana_2022,max_2022,min_2023,media_2023,mediana_2023,max_2023,min_2024,media_2024,mediana_2024,max_2024,min_2025,media_2025,mediana_2025,max_2025,min_2026,media_2026,mediana_2026,max_2026
94023,Isernia,,1,940230000001,50,Depuratore,5,Edifici pubblici e servizi,0,,True,35.93,36.5,36.52,37.08,35.84,36.11,36.09,36.56,33.73,34.42,34.57,35.22,36.01,36.88,37.12,37.4,34.69,35.38,35.36,36.55,38.47,38.9,38.98,39.43,35.73,36.48,36.56,37.05,37.14,37.72,37.65,38.41
94023,Isernia,,2,940230000002,1,Residenziale,1,Tessuto urbano continuo,28,,True,34.67,36.64,36.57,38.04,34.42,36.39,36.36,38.14,34.31,36.71,36.81,37.77,36.1,38.36,38.27,40.02,34.52,36.22,36.36,37.12,37.68,39.38,39.54,40.49,35.2,36.72,36.75,37.9,36.69,38.67,39.01,39.91
94023,Isernia,,3,940230000003,2,Culto,5,Edifici pubblici e servizi,3,,True,35.46,36.56,36.6,37.43,35.06,36.44,36.57,37.43,35.03,35.68,35.63,36.7,36.94,38.11,38.07,39.55,34.47,35.57,35.49,37.04,37.64,38.73,38.66,40.05,34.38,35.83,35.69,37.71,36.84,38.18,38.23,39.32
94023,Isernia,,4,940230000004,1,Residenziale,1,Tessuto urbano continuo,87,,True,36.34,36.73,36.67,37.43,36.07,36.65,36.6,37.43,35.32,35.92,36.19,36.7,37.62,38.65,39.03,39.55,35.4,36.2,36.5,37.04,38.58,39.21,39.23,40.05,35.57,36.79,37.01,37.71,37.77,38.46,38.45,39.32
94023,Isernia,,5,940230000005,1,Residenziale,1,Tessuto urbano continuo,7,,True,34.56,36.15,36.08,37.83,34.52,36.02,36.03,37.54,34.66,35.79,35.9,37.04,35.42,37.38,37.15,39.44,34.49,35.59,35.68,37.23,36.85,38.06,38.05,39.47,34.01,35.21,35.41,37.09,36.36,38.0,38.21,39.82
94023,Isernia,,6,940230000006,1,Residenziale,1,Tessuto urbano continuo,21,,True,39.19,39.19,39.19,39.19,38.98,38.98,38.98,38.98,38.75,38.75,38.75,38.75,39.95,39.95,39.95,39.95,38.82,38.82,38.82,38.82,40.83,40.83,40.83,40.83,38.58,38.58,38.58,38.58,41.25,41.25,41.25,41.25
94023,Isernia,,7,940230000007,1,Residenziale,1,Tessuto urbano continuo,46,,True,39.3,39.62,39.77,39.78,39.08,39.49,39.6,39.8,38.91,39.38,39.59,39.65,40.9,41.08,41.09,41.25,38.5,38.91,39.05,39.18,41.06,41.47,41.64,41.71,38.52,38.62,38.59,38.76,41.02,41.09,41.03,41.22
94023,Isernia,,8,940230000008,1,Residenziale,1,Tessuto urbano continuo,89,,True,37.94,39.2,39.3,39.78,37.69,39.03,39.2,39.6,37.56,38.88,39.01,39.59,38.79,40.44,40.7,41.09,36.9,38.31,38.42,39.18,39.43,41.09,41.39,41.71,36.83,37.91,37.99,38.52,38.66,40.14,40.22,41.02
94023,Isernia,,9,940230000009,1,Residenziale,1,Tessuto urbano continuo,115,,True,36.96,37.98,37.94,39.52,36.97,38.22,38.25,39.44,37.35,38.62,38.45,39.77,37.8,39.23,39.34,40.88,36.85,37.84,37.98,39.09,38.86,40.28,40.17,41.81,36.87,37.72,37.83,38.8,38.95,39.91,39.89,41.37
94023,Isernia,,10,940230000010,1,Residenziale,1,Tessuto urbano continuo,69,,True,38.02,38.87,38.91,39.62,37.75,38.74,38.79,39.64,37.12,38.35,38.4,39.47,39.23,39.89,39.88,40.55,37.82,38.63,38.86,39.01,39.82,40.66,40.64,41.54,37.1,38.2,38.39,38.92,40.67,41.14,41.27,41.36
94023,Isernia,,11,940230000011,1,Residenziale,1,Tessuto urbano continuo,12,,True,39.42,39.42,39.42,39.42,39.38,39.38,39.38,39.38,39.47,39.47,39.47,39.47,40.62,40.62,40.62,40.62,38.77,38.77,38.77,38.77,41.4,41.4,41.4,41.4,38.92,38.92,38.92,38.92,41.22,41.22,41.22,41.22
94023,Isernia,,12,940230000012,1,Residenziale,1,Tessuto urbano continuo,44,,True,38.0,38.6,38.67,39.42,38.01,38.56,38.57,39.38,37.84,38.66,38.78,39.47,39.11,39.82,39.96,40.62,37.9,38.38,38.44,38.77,39.71,40.52,40.66,41.4,37.54,38.24,38.3,38.92,40.06,40.48,40.41,41.22
94023,Isernia,,13,940230000013,1,Residenziale,1,Tessuto urbano continuo,112,,True,38.57,39.17,38.93,40.24,38.24,39.09,38.96,39.71,37.77,38.85,38.85,40.0,39.08,39.93,39.84,41.0,37.19,38.26,37.88,39.85,39.83,40.95,40.7,42.11,36.98,38.22,38.28,39.4,39.21,40.56,40.5,41.94
94023,Isernia,,15,940230000015,1,Residenziale,1,Tessuto urbano continuo,17,,True,31.77,34.14,34.08,36.63,32.33,34.56,34.68,36.52,31.99,34.54,34.63,36.97,32.64,35.05,35.13,37.44,32.1,33.96,33.87,35.92,35.07,36.81,36.83,38.48,32.94,34.89,34.84,37.05,34.08,36.44,36.45,38.72
94023,Isernia,,16,940230000016,1,Residenziale,1,Tessuto urbano continuo,49,,True,37.22,38.09,38.02,39.07,37.04,38.09,38.03,39.18,37.29,38.24,38.12,39.31,37.99,39.26,39.15,40.68,36.84,37.77,37.6,39.05,39.3,40.37,40.18,41.7,37.57,38.21,38.14,38.98,39.25,40.2,40.14,41.29
94023,Isernia,,17,940230000017,1,Residenziale,1,Tessuto urbano continuo,14,,True,39.07,40.08,40.36,40.8,39.18,39.91,40.24,40.3,39.31,40.04,40.22,40.6,40.68,41.35,41.57,41.79,39.05,40.04,40.35,40.73,41.7,42.42,42.67,42.9,38.98,39.72,40.02,40.15,41.29,42.19,42.53,42.73
94023,Isernia,,18,940230000018,37,Scuole/istituti,5,Edifici pubblici e servizi,0,,True,40.64,40.68,40.68,40.71,40.18,40.23,40.23,40.29,40.46,40.49,40.49,40.52,41.3,41.35,41.35,41.39,40.59,40.61,40.61,40.62,42.72,42.74,42.74,42.76,40.12,40.16,40.16,40.19,42.43,42.52,42.52,42.62
94023,Isernia,,19,940230000019,1,Residenziale,1,Tessuto urbano continuo,29,,True,39.31,40.17,40.6,40.6,39.52,40.23,40.59,40.59,39.49,40.25,40.63,40.63,39.93,40.75,41.16,41.16,38.82,39.63,40.03,40.03,41.54,42.39,42.82,42.82,38.98,39.7,40.06,40.06,40.75,41.61,42.04,42.04
94023,Isernia,,20,940230000020,1,Residenziale,1,Tessuto urbano continuo,16,,True,39.81,40.08,40.08,40.35,39.54,39.69,39.69,39.85,39.79,40.06,40.06,40.33,41.17,41.23,41.23,41.29,39.64,39.95,39.95,40.26,42.21,42.4,42.4,42.58,39.82,39.94,39.94,40.05,42.15,42.35,42.35,42.56
94023,Isernia,,21,940230000021,1,Residenziale,1,Tessuto urbano continuo,30,,True,39.18,39.54,39.54,39.89,38.98,39.18,39.18,39.37,39.33,39.62,39.62,39.92,40.66,40.82,40.82,40.98,38.86,39.27,39.27,39.67,41.54,41.81,41.81,42.08,39.17,39.34,39.34,39.51,41.62,41.91,41.91,42.21
94023,Isernia,,22,940230000022,1,Residenziale,1,Tessuto urbano continuo,18,,True,40.89,40.89,40.89,40.9,40.49,40.56,40.56,40.64,40.86,40.95,40.95,41.03,41.55,41.65,41.65,41.74,40.93,40.93,40.93,40.94,43.13,43.13,43.13,43.13,40.27,40.37,40.37,40.48,42.61,42.77,42.77,42.94
94023,Isernia,,23,940230000023,1,Residenziale,1,Tessuto urbano continuo,14,,True,,,,,,,,,,,,,,,,,,,,,,,,,,,,,,,,
94023,Isernia,,24,940230000024,1,Residenziale,1,Tessuto urbano continuo,24,,True,40.66,40.85,40.85,41.04,40.14,40.43,40.43,40.73,40.76,40.92,40.92,41.09,41.66,41.77,41.77,41.88,40.8,41.0,41.0,41.19,42.81,43.0,43.0,43.2,40.34,40.6,40.6,40.86,42.87,42.93,42.93,42.99
94023,Isernia,,25,940230000025,1,Residenziale,1,Tessuto urbano continuo,34,,True,37.85,39.38,39.68,40.61,37.83,39.0,39.16,40.0,38.22,39.57,39.79,40.7,39.17,40.59,40.9,41.7,37.28,39.12,39.43,40.65,39.83,41.33,41.62,42.55,37.98,39.22,39.38,40.3,40.17,41.71,42.07,42.9
94023,Isernia,,26,940230000026,1,Residenziale,1,Tessuto urbano continuo,54,,True,40.61,40.97,41.11,41.18,40.0,40.71,41.03,41.11,40.7,41.05,41.09,41.36,41.57,41.81,41.7,42.15,40.65,40.97,40.95,41.32,42.55,42.9,43.04,43.12,40.3,40.76,40.88,41.1,42.75,42.95,42.9,43.21
94023,Isernia,,27,940230000027,1,Residenziale,1,Tessuto urbano continuo,56,,True,40.6,41.03,41.04,41.46,40.46,41.01,41.05,41.51,39.31,39.91,39.6,40.82,41.56,41.85,41.82,42.15,40.77,41.11,41.14,41.43,42.23,42.78,42.73,43.4,40.55,40.97,41.01,41.35,42.75,42.95,42.92,43.18
94023,Isernia,,28,940230000028,1,Residenziale,1,Tessuto urbano continuo,54,,True,39.9,39.9,39.9,39.9,39.71,39.71,39.71,39.71,40.04,40.04,40.04,40.04,41.02,41.02,41.02,41.02,39.92,39.92,39.92,39.92,41.67,41.67,41.67,41.67,39.71,39.71,39.71,39.71,42.26,42.26,42.26,42.26
94023,Isernia,,29,940230000029,1,Residenziale,1,Tessuto urbano continuo,37,,True,39.0,39.0,39.0,39.0,38.9,38.9,38.9,38.9,39.17,39.17,39.17,39.17,40.12,40.12,40.12,40.12,39.04,39.04,39.04,39.04,40.79,40.79,40.79,40.79,38.98,38.98,38.98,38.98,41.49,41.49,41.49,41.49
94023,Isernia,,30,940230000030,1,Residenziale,1,Tessuto urbano continuo,25,,True,37.91,38.39,38.39,38.87,37.98,38.39,38.39,38.79,38.24,38.67,38.67,39.1,39.32,39.76,39.76,40.2,37.61,38.12,38.12,38.62,39.85,40.29,40.29,40.72,38.01,38.39,38.39,38.76,40.44,40.87,40.87,41.3
94023,Isernia,,32,940230000032,1,Residenziale,1,Tessuto urbano continuo,31,,True,39.79,39.79,39.79,39.79,39.67,39.67,39.67,39.67,40.05,40.05,40.05,40.05,40.7,40.7,40.7,40.7,40.01,40.01,40.01,40.01,41.42,41.42,41.42,41.42,39.85,39.85,39.85,39.85,42.15,42.15,42.15,42.15
94023,Isernia,,33,940230000033,1,Residenziale,1,Tessuto urbano continuo,38,,True,38.86,39.24,39.24,39.61,38.8,39.15,39.15,39.51,39.22,39.69,39.69,40.16,39.81,40.07,40.07,40.33,38.99,39.36,39.36,39.72,40.68,41.06,41.06,41.44,39.09,39.45,39.45,39.81,41.38,41.65,41.65,41.93
94023,Isernia,,34,940230000034,1,Residenziale,1,Tessuto urbano continuo,31,,True,40.37,40.95,41.07,41.29,40.31,41.01,41.15,41.44,39.63,40.38,40.24,41.42,41.12,41.65,41.77,41.92,40.61,40.94,41.01,41.12,42.07,42.83,43.0,43.23,40.48,40.92,41.01,41.15,42.53,42.78,42.83,42.91
94023,Isernia,,35,940230000035,2,Culto,5,Edifici pubblici e servizi,2,,True,40.23,40.49,40.5,40.84,40.21,40.5,40.52,40.87,38.29,40.2,40.61,41.42,40.49,41.04,41.05,41.62,39.59,40.09,40.02,40.89,41.91,42.35,42.41,42.77,39.43,40.09,40.06,40.88,41.7,42.15,42.14,42.76
94023,Isernia,,36,940230000036,1,Residenziale,1,Tessuto urbano continuo,3,,True,38.06,38.53,38.53,39.0,38.44,38.85,38.85,39.25,38.83,39.14,39.14,39.44,39.04,39.4,39.4,39.77,37.96,38.38,38.38,38.79,39.93,40.18,40.18,40.43,38.24,38.57,38.57,38.9,40.86,41.26,41.26,41.67
94023,Isernia,,37,940230000037,1,Residenziale,1,Tessuto urbano continuo,35,,True,40.6,41.04,41.15,41.24,40.68,41.01,41.11,41.18,39.76,41.0,41.14,41.66,41.28,41.68,41.69,41.91,40.4,41.04,41.26,41.5,42.14,42.63,42.8,42.93,40.18,40.89,41.27,41.34,43.3,43.58,43.74,43.77
94023,Isernia,,38,940230000038,1,Residenziale,1,Tessuto urbano continuo,45,,True,39.84,40.33,40.51,40.53,39.96,40.23,40.28,40.38,38.3,38.93,38.7,40.34,40.47,40.81,40.88,40.97,39.85,39.96,40.0,40.04,41.2,41.55,41.62,41.82,39.78,39.99,40.0,40.16,42.12,42.4,42.49,42.5
94023,Isernia,,39,940230000039,1,Residenziale,1,Tessuto urbano continuo,56,,True,39.43,40.14,40.2,41.15,39.6,40.09,40.16,41.11,38.01,38.67,38.65,39.76,39.98,40.69,40.77,41.69,39.48,40.18,40.21,41.26,41.52,41.86,41.75,42.8,39.42,40.27,40.34,41.34,41.51,42.63,42.78,43.77
94023,Isernia,,40,940230000040,1,Residenziale,1,Tessuto urbano continuo,6,,True,32.01,36.08,36.71,39.95,31.84,36.22,36.68,40.09,32.54,36.6,37.58,40.33,32.27,36.98,37.65,41.48,31.87,35.85,36.48,39.16,33.88,37.81,38.6,41.63,32.5,36.06,36.38,38.98,33.81,38.02,38.55,42.21
94023,Isernia,,41,940230000041,1,Residenziale,1,Tessuto urbano continuo,6,,True,40.29,40.9,40.9,41.5,40.07,40.68,40.68,41.28,40.9,41.37,41.37,41.83,41.22,41.65,41.65,42.09,40.66,41.07,41.07,41.48,42.18,42.61,42.61,43.04,40.28,40.72,40.72,41.15,42.47,43.08,43.08,43.69
94023,Isernia,,42,940230000042,1,Residenziale,1,Tessuto urbano continuo,160,,True,38.4,39.13,39.05,40.01,38.63,39.26,39.41,39.85,36.86,38.07,37.96,39.01,39.24,40.09,39.95,40.84,37.96,39.04,39.11,40.16,39.92,40.9,41.23,41.93,38.56,39.28,39.26,40.33,40.5,41.54,41.55,42.66
94023,Isernia,,43,940230000043,1,Residenziale,1,Tessuto urbano continuo,37,,True,38.59,39.94,39.94,41.17,38.24,39.69,39.39,40.87,37.18,38.65,38.18,41.01,39.39,40.99,40.84,42.12,38.51,39.69,39.59,41.05,39.67,41.18,40.67,42.48,38.32,39.39,39.41,40.71,40.83,42.59,42.57,44.11
94023,Isernia,,44,940230000044,1,Residenziale,1,Tessuto urbano continuo,14,,True,40.52,40.82,40.72,41.53,40.27,40.59,40.46,41.28,39.24,40.07,39.28,41.59,41.56,41.86,41.82,42.24,40.52,40.97,40.97,41.47,41.48,42.12,42.05,42.89,40.16,40.53,40.56,41.02,42.23,43.07,43.06,44.2
94023,Isernia,,45,940230000045,1,Residenziale,1,Tessuto urbano continuo,133,,True,33.12,37.3,37.93,40.81,32.4,36.71,37.4,40.22,31.11,35.15,35.51,38.97,33.53,37.85,38.47,41.68,33.42,36.88,37.17,40.45,34.88,38.44,38.88,41.42,32.97,36.65,37.19,40.26,34.99,39.29,40.19,43.37
94023,Isernia,,46,940230000046,55,Centro commerciale/fiera,2,Superficie impervia pesante,0,,True,40.54,40.61,40.62,40.67,40.2,40.32,40.3,40.48,38.79,39.72,39.81,40.48,41.63,41.71,41.67,41.87,39.77,40.28,40.42,40.53,40.84,41.2,41.27,41.43,39.24,39.92,40.1,40.23,41.72,42.21,42.28,42.55
94023,Isernia,,47,940230000047,37,Scuole/istituti,5,Edifici pubblici e servizi,0,,True,40.39,40.61,40.63,40.86,39.95,40.18,40.19,40.58,37.74,38.38,38.23,38.84,41.0,41.21,41.11,41.57,39.44,39.58,39.52,39.94,40.75,40.85,40.78,41.26,38.63,39.01,38.84,39.64,41.77,42.01,41.91,42.72
94023,Isernia,,48,940230000048,1,Residenziale,1,Tessuto urbano continuo,56,,True,39.08,39.29,39.25,39.49,38.79,39.06,38.97,39.71,37.57,37.85,37.81,38.12,39.87,40.4,40.34,41.09,38.45,38.77,38.76,39.03,39.9,40.35,40.37,40.76,38.95,39.15,39.12,39.38,40.91,41.22,41.23,41.59
94023,Isernia,,49,940230000049,1,Residenziale,1,Tessuto urbano continuo,105,,True,39.77,40.17,39.94,40.95,39.07,39.51,39.3,40.14,38.31,38.78,38.56,39.57,40.98,41.57,41.49,42.34,39.31,39.83,39.66,40.57,40.26,40.92,41.08,41.16,39.64,40.02,39.83,40.67,41.55,42.01,42.02,42.5
94023,Isernia,,50,940230000050,1,Residenziale,1,Tessuto urbano continuo,184,,True,40.61,40.95,40.96,41.35,39.26,39.64,39.62,40.32,39.1,39.34,39.31,39.78,41.72,42.11,42.13,42.58,40.36,40.59,40.57,41.12,41.37,41.53,41.51,41.76,40.36,40.57,40.51,40.92,42.47,42.68,42.66,42.99
94023,Isernia,,51,940230000051,5,Area verde/parco urbano,7,Verde urbano,0,,True,39.33,40.59,40.58,41.84,39.23,39.98,39.89,41.39,37.65,38.49,38.46,39.49,40.21,41.01,41.04,42.25,38.77,39.89,39.81,41.32,39.76,40.55,40.58,41.95,38.66,39.75,39.73,41.18,40.99,41.73,41.67,43.42
94023,Isernia,,52,940230000052,1,Residenziale,1,Tessuto urbano continuo,94,,True,40.84,41.62,41.48,42.62,40.5,41.28,41.15,42.33,38.54,39.41,39.31,40.55,41.36,42.27,42.36,43.31,39.75,40.78,40.63,42.03,41.26,41.92,41.86,42.79,39.4,40.78,40.7,41.81,42.72,43.39,43.32,44.05
94023,Isernia,,53,940230000053,1,Residenziale,1,Tessuto urbano continuo,107,,True,39.88,40.54,40.57,41.21,39.44,40.18,40.26,40.89,38.02,38.64,38.67,39.33,40.62,41.38,41.41,42.31,38.76,39.55,39.61,40.1,40.73,41.27,41.28,41.78,39.34,39.85,39.82,40.42,42.08,42.59,42.58,43.07
94023,Isernia,,54,940230000054,1,Residenziale,1,Tessuto urbano continuo,97,,True,37.96,39.4,39.54,40.13,37.64,38.77,38.63,39.75,35.44,37.1,37.17,38.18,38.62,40.04,40.11,40.98,37.05,38.71,38.8,39.72,39.14,40.49,40.63,41.1,37.1,38.61,38.7,39.38,40.4,41.56,41.66,42.14
94023,Isernia,,55,940230000055,1,Residenziale,1,Tessuto urbano continuo,81,,True,37.0,37.67,37.58,38.67,36.88,37.37,37.43,37.9,34.38,34.99,34.97,35.89,38.13,38.6,38.56,39.32,36.24,36.74,36.63,37.74,38.46,39.01,38.94,39.91,35.56,36.34,36.34,37.4,39.2,40.04,39.98,41.14
94023,Isernia,,56,940230000056,1,Residenziale,1,Tessuto urbano continuo,0,,True,38.68,39.25,39.3,39.76,38.88,39.44,39.69,39.76,36.78,37.82,37.33,39.35,38.56,38.95,39.01,39.28,38.13,38.64,38.78,39.01,40.87,40.96,40.88,41.14,38.23,38.67,38.85,38.93,39.65,40.24,40.38,40.7
94023,Isernia,,57,940230000057,1,Residenziale,1,Tessuto urbano continuo,43,,True,34.43,37.66,37.73,40.01,34.52,37.76,37.76,39.86,31.92,34.92,35.09,37.79,34.99,38.39,38.51,41.19,34.21,36.74,36.64,39.52,36.9,39.31,39.33,41.69,34.54,36.89,36.81,39.31,35.87,38.54,38.17,41.83
94023,Isernia,,58,940230000058,1,Residenziale,1,Tessuto urbano continuo,289,,True,38.07,39.94,39.94,41.53,38.67,39.48,39.44,40.5,36.26,38.03,38.2,39.34,39.95,41.3,41.28,42.68,37.54,39.44,39.38,40.96,39.45,41.41,41.4,42.94,37.82,39.59,39.77,40.93,39.03,41.58,41.38,43.41
94023,Isernia,,59,940230000059,1,Residenziale,1,Tessuto urbano continuo,95,,True,40.38,40.79,40.8,41.21,39.57,39.95,39.81,40.38,38.54,38.98,39.01,39.51,41.9,42.17,42.22,42.38,40.24,40.53,40.64,40.74,41.58,42.04,42.03,42.55,40.09,40.43,40.52,40.7,42.6,42.86,42.9,43.14
94023,Isernia,,60,940230000060,1,Residenziale,1,Tessuto urbano continuo,76,,True,40.8,41.39,41.53,41.71,39.45,40.03,40.04,40.5,39.11,39.56,39.67,39.75,41.99,42.46,42.57,42.73,40.51,40.91,41.0,41.22,41.81,42.23,42.23,42.94,40.53,40.87,40.92,41.07,42.53,43.05,43.13,43.41
94023,Isernia,,61,940230000061,1,Residenziale,1,Tessuto urbano continuo,353,,True,33.77,37.25,37.25,40.79,33.27,36.83,37.12,39.32,31.68,35.18,35.04,39.26,34.28,38.2,38.04,41.78,33.89,36.73,36.81,40.43,36.2,39.03,38.96,41.85,32.61,36.52,36.36,40.67,36.41,39.61,39.73,42.96
94023,Isernia,,62,940230000062,1,Residenziale,1,Tessuto urbano continuo,106,,True,40.63,40.89,40.91,41.23,39.14,39.22,39.19,39.31,39.18,39.42,39.51,39.73,41.65,41.87,41.88,42.04,40.01,40.38,40.46,40.7,41.52,41.71,41.75,41.86,40.61,40.71,40.68,40.96,42.77,42.99,42.96,43.26
94023,Isernia,,63,940230000063,1,Residenziale,1,Tessuto urbano continuo,252,,True,39.56,41.42,41.49,42.37,38.89,39.74,39.58,41.32,37.69,39.82,39.94,40.66,40.55,42.34,42.3,43.21,38.63,40.85,40.9,42.05,41.22,42.24,41.99,43.68,38.72,40.76,40.91,41.57,42.0,43.42,43.37,44.38
94023,Isernia,,64,940230000064,1,Residenziale,1,Tessuto urbano continuo,156,,True,39.03,41.31,41.44,42.32,38.75,40.13,40.29,41.28,36.97,39.37,39.65,40.63,40.55,42.39,42.54,43.49,38.42,40.8,41.02,42.13,40.86,42.91,43.08,44.06,38.21,40.16,40.22,41.05,41.44,43.48,43.74,44.35
94023,Isernia,,65,940230000065,1,Residenziale,1,Tessuto urbano continuo,149,,True,38.59,40.74,41.24,41.8,37.98,39.72,39.9,41.34,36.47,38.7,39.17,40.2,39.26,41.32,42.01,42.47,37.76,40.1,40.6,41.47,40.22,42.11,42.56,43.25,38.3,39.5,39.82,40.25,40.89,42.8,43.29,43.71
94023,Isernia,,66,940230000066,1,Residenziale,1,Tessuto urbano continuo,35,,True,37.61,40.13,41.02,41.65,37.21,39.54,40.21,41.5,35.55,38.4,39.35,40.21,38.57,40.93,41.75,42.4,37.01,39.49,40.32,41.24,39.65,41.8,42.63,43.11,37.45,39.22,39.68,40.37,40.03,42.08,42.75,43.38
94023,Isernia,,67,940230000067,1,Residenziale,1,Tessuto urbano continuo,155,,True,37.42,40.24,40.64,41.72,36.89,39.67,39.91,41.54,35.09,38.02,38.11,40.06,37.98,40.83,41.02,42.49,37.15,39.7,40.0,41.37,38.9,41.71,41.89,43.17,35.76,38.91,39.06,40.5,39.06,42.16,42.52,44.01
94023,Isernia,,68,940230000068,1,Residenziale,1,Tessuto urbano continuo,121,,True,33.84,38.86,39.39,42.53,33.91,39.03,39.84,42.57,32.64,37.15,37.63,40.31,36.38,40.3,40.76,43.37,34.39,39.0,39.64,41.96,37.11,41.35,41.99,43.79,33.76,38.49,39.1,40.83,35.76,41.19,42.19,44.22
94023,Isernia,,69,940230000069,1,Residenziale,1,Tessuto urbano continuo,30,,True,37.01,38.54,38.53,39.63,37.14,38.4,38.34,39.45,35.12,36.88,36.95,38.06,37.92,39.43,39.48,40.45,36.86,38.3,38.28,39.3,39.2,40.64,40.67,41.62,36.4,37.87,38.02,38.69,38.69,40.57,40.54,41.81
94023,Isernia,,70,940230000070,1,Residenziale,1,Tessuto urbano continuo,16,,True,39.92,40.39,40.37,41.08,39.52,40.28,40.32,41.09,38.22,38.79,38.73,39.62,40.81,41.49,41.42,42.44,39.47,40.06,39.98,40.82,41.67,42.19,42.23,42.78,38.72,39.3,39.35,40.03,42.17,42.66,42.6,43.25
94023,Isernia,,71,940230000071,1,Residenziale,1,Tessuto urbano continuo,126,,True,39.05,41.21,41.26,42.67,38.48,41.38,41.58,43.21,37.33,39.85,39.95,41.41,39.87,42.53,42.58,44.06,38.64,41.08,41.18,42.67,40.74,42.98,43.08,44.48,37.85,40.18,40.21,41.92,41.34,43.49,43.52,44.98
94023,Isernia,,72,940230000072,1,Residenziale,1,Tessuto urbano continuo,134,,True,37.0,39.36,39.34,41.61,36.95,39.42,39.15,42.36,36.09,38.23,38.06,40.57,38.7,40.87,40.77,43.08,36.71,39.25,39.07,41.79,39.64,41.33,41.09,43.84,36.14,38.2,37.82,41.01,40.35,42.02,41.67,44.55
94023,Isernia,,73,940230000073,1,Residenziale,1,Tessuto urbano continuo,127,,True,35.72,37.15,37.21,38.12,36.0,37.45,37.31,38.91,34.51,36.38,36.3,37.89,37.6,38.72,38.76,39.78,36.52,37.81,37.71,39.35,38.53,39.94,39.85,41.27,35.43,36.8,36.72,38.26,38.76,40.49,40.4,42.01
94023,Isernia,,74,940230000074,1,Residenziale,1,Tessuto urbano continuo,30,,True,31.96,34.51,34.55,37.15,32.02,34.56,34.6,37.28,30.64,33.24,33.3,35.89,33.33,36.74,36.94,38.72,33.17,35.63,35.77,37.49,35.44,37.66,37.75,39.69,31.05,33.34,33.39,36.28,33.74,37.02,37.22,40.1
94023,Isernia,,75,940230000075,1,Residenziale,1,Tessuto urbano continuo,109,,True,41.01,41.64,41.86,41.99,39.74,40.24,40.39,40.74,39.28,40.0,40.14,40.34,42.05,42.56,42.57,43.04,40.54,41.1,41.27,41.38,41.46,41.89,42.05,42.25,40.36,40.86,40.95,41.3,42.23,42.89,43.06,43.37
94023,Isernia,,76,940230000076,1,Residenziale,1,Tessuto urbano continuo,152,,True,41.89,42.32,42.3,42.75,40.27,40.4,40.36,40.63,40.3,40.47,40.47,40.62,42.76,43.02,42.99,43.53,41.33,41.72,41.7,42.24,42.03,43.02,43.11,44.18,41.22,41.39,41.38,41.56,43.27,44.02,44.16,44.77
94023,Isernia,,77,940230000077,1,Residenziale,1,Tessuto urbano continuo,111,,True,41.69,42.28,42.23,42.87,40.18,40.89,40.71,42.63,39.63,40.31,40.3,40.76,42.12,43.04,43.03,43.74,41.12,41.79,41.8,42.32,42.41,43.47,43.54,44.39,40.78,41.31,41.28,41.66,43.11,44.01,43.96,44.92
94023,Isernia,,78,940230000078,1,Residenziale,1,Tessuto urbano continuo,116,,True,42.38,42.83,42.81,43.17,40.84,41.99,42.14,42.62,40.36,40.93,40.93,41.37,42.92,43.62,43.64,44.04,41.63,42.31,42.44,42.72,43.67,44.24,44.26,44.58,40.34,41.12,41.24,41.71,44.15,44.54,44.61,44.78
94023,Isernia,,79,940230000079,1,Residenziale,1,Tessuto urbano continuo,152,,True,41.96,42.66,42.83,43.24,41.49,42.14,42.25,42.63,40.27,41.02,41.05,41.5,42.51,43.47,43.69,44.1,42.0,42.45,42.45,42.69,43.79,44.2,44.32,44.6,40.56,41.19,41.21,41.79,44.03,44.45,44.51,44.92
94023,Isernia,,80,940230000080,1,Residenziale,1,Tessuto urbano continuo,460,,True,41.81,42.28,42.22,43.0,40.79,41.53,41.49,42.25,39.43,40.37,40.4,41.42,42.18,42.88,42.86,43.76,41.5,42.1,42.09,42.85,43.09,43.62,43.64,44.42,39.89,40.73,40.54,41.86,43.63,44.15,44.09,44.77
94023,Isernia,,81,940230000081,5,Area verde/parco urbano,7,Verde urbano,0,,True,42.05,42.21,42.21,42.37,41.62,41.88,41.88,42.14,40.16,40.33,40.33,40.49,42.5,42.7,42.7,42.91,41.65,41.85,41.85,42.04,43.29,43.41,43.41,43.54,40.12,40.16,40.16,40.21,43.87,43.94,43.94,44.01
94023,Isernia,,82,940230000082,1,Residenziale,1,Tessuto urbano continuo,93,,True,41.77,41.92,41.87,42.25,41.39,41.74,41.69,42.09,40.17,40.46,40.46,40.82,42.65,42.84,42.81,43.14,41.43,41.62,41.58,42.08,43.19,43.49,43.54,43.69,40.34,40.49,40.52,40.57,43.53,43.73,43.72,44.04
94023,Isernia,,83,940230000083,1,Residenziale,1,Tessuto urbano continuo,244,,True,41.31,42.31,42.22,43.56,40.92,41.87,41.68,43.23,38.43,40.49,40.29,42.13,42.19,43.14,42.97,44.69,41.13,42.09,41.91,43.58,43.31,44.08,43.98,45.31,39.87,40.77,40.68,41.82,43.57,44.28,44.27,45.37
94023,Isernia,,84,940230000084,1,Residenziale,1,Tessuto urbano continuo,234,,True,41.55,42.43,42.33,43.22,41.2,41.4,41.33,41.76,39.96,40.79,40.7,41.66,42.6,43.1,42.99,43.79,41.75,42.3,42.15,43.1,42.97,43.68,43.53,44.61,39.68,40.42,40.29,41.31,43.42,44.05,44.02,44.69
94023,Isernia,,85,940230000085,1,Residenziale,1,Tessuto urbano continuo,37,,True,40.77,41.05,40.99,41.32,40.26,40.79,40.79,41.37,39.24,39.49,39.48,39.77,41.66,41.97,41.92,42.35,40.13,40.77,40.75,41.34,41.95,42.43,42.48,42.77,39.64,39.78,39.81,39.89,42.46,42.78,42.79,43.06
94023,Isernia,,86,940230000086,1,Residenziale,1,Tessuto urbano continuo,364,,True,40.09,41.14,41.04,42.39,39.73,40.54,40.41,41.49,38.18,39.42,39.38,40.69,40.74,41.79,41.71,42.98,39.62,40.66,40.46,42.21,41.51,42.32,42.19,43.74,38.78,39.73,39.85,40.5,41.67,42.72,42.63,44.04
94023,Isernia,,87,940230000087,1,Residenziale,1,Tessuto urbano continuo,196,,True,39.61,41.24,41.14,42.89,38.52,40.46,40.77,41.61,36.98,39.58,39.61,41.51,40.38,42.1,42.08,43.71,38.74,40.98,40.91,42.98,41.09,42.87,42.98,44.55,38.36,39.84,39.88,41.3,41.11,42.98,42.92,44.5
94023,Isernia,,88,940230000088,1,Residenziale,1,Tessuto urbano continuo,145,,True,38.65,39.42,39.26,40.51,38.31,38.98,38.6,40.44,36.82,37.58,37.6,38.49,39.89,40.38,40.35,41.25,38.34,38.89,38.75,39.8,40.29,40.97,40.82,41.96,36.69,37.62,37.55,39.1,40.15,40.85,40.73,42.16
94023,Isernia,,89,940230000089,1,Residenziale,1,Tessuto urbano continuo,371,,True,38.62,40.16,39.87,42.48,38.34,40.38,40.24,42.99,37.15,39.01,38.85,41.28,40.1,41.8,41.69,43.8,38.72,40.47,40.33,42.71,40.22,42.32,42.42,44.44,36.62,38.99,39.03,41.84,40.31,42.58,42.44,45.11
94023,Isernia,,90,940230000090,1,Residenziale,1,Tessuto urbano continuo,170,,True,38.75,40.05,39.92,41.5,38.7,40.22,40.24,42.31,36.85,38.35,38.48,39.62,40.09,41.13,41.16,42.26,38.54,39.85,39.9,41.4,40.18,41.63,41.41,43.18,36.67,38.54,38.45,40.88,40.46,41.83,41.84,43.15
94023,Isernia,,91,940230000091,37,Scuole/istituti,5,Edifici pubblici e servizi,0,,True,41.61,42.43,42.47,42.75,41.09,41.93,42.02,42.44,40.13,40.82,40.88,41.12,42.94,43.28,43.33,43.52,41.4,42.18,42.19,42.63,41.75,42.53,42.53,43.03,41.12,41.88,41.99,42.16,42.52,43.39,43.39,44.08
94023,Isernia,,92,940230000092,1,Residenziale,1,Tessuto urbano continuo,29,,True,41.65,41.93,41.74,42.41,40.52,41.04,40.91,41.64,39.56,40.14,39.82,41.04,42.3,42.7,42.46,43.34,40.96,41.48,41.3,42.18,41.88,42.42,42.57,42.7,40.67,41.03,40.77,41.71,42.38,42.96,42.95,43.58
94023,Isernia,,93,940230000093,1,Residenziale,1,Tessuto urbano continuo,16,,True,41.69,42.14,42.22,42.54,41.1,41.55,41.61,41.95,39.32,39.71,39.73,40.04,42.23,42.72,42.83,43.03,41.42,41.66,41.71,41.93,42.74,43.12,43.17,43.42,40.04,40.47,40.49,40.91,40.84,42.52,42.92,43.71
94023,Isernia,,94,940230000094,1,Residenziale,1,Tessuto urbano continuo,41,,True,41.55,41.72,41.71,42.02,40.96,41.32,41.28,41.65,39.16,39.58,39.53,39.93,42.11,42.34,42.26,42.65,40.77,41.24,41.24,41.52,42.07,42.22,42.24,42.46,40.44,40.93,40.93,41.25,41.95,42.86,42.96,43.65
94023,Isernia,,95,940230000095,1,Residenziale,1,Tessuto urbano continuo,90,,True,41.36,41.61,41.62,41.78,41.01,41.08,41.07,41.21,39.28,39.49,39.48,39.81,41.99,42.26,42.3,42.43,41.11,41.33,41.37,41.48,42.02,42.55,42.64,42.74,39.9,40.42,40.55,40.88,40.64,41.07,41.08,41.86
94023,Isernia,,96,940230000096,1,Residenziale,1,Tessuto urbano continuo,169,,True,41.16,41.55,41.59,42.21,40.92,41.41,41.44,41.95,39.2,39.43,39.4,39.76,41.89,42.27,42.31,42.82,41.01,41.34,41.32,41.7,42.54,42.9,42.92,43.41,39.47,39.8,39.72,40.25,40.5,41.64,41.77,42.84
94023,Isernia,,97,940230000097,1,Residenziale,1,Tessuto urbano continuo,73,,True,41.36,42.2,42.29,42.88,41.17,41.78,41.66,42.44,39.25,39.53,39.48,40.21,42.02,42.35,42.32,43.06,41.4,41.83,41.83,42.41,42.75,43.06,43.03,43.66,39.67,40.26,40.33,40.88,42.78,43.38,43.37,44.06
94023,Isernia,,98,940230000098,1,Residenziale,1,Tessuto urbano continuo,123,,True,41.93,42.53,42.61,42.81,41.58,42.33,42.42,42.85,39.47,40.18,40.19,40.63,42.21,43.24,43.17,43.77,41.96,42.45,42.5,42.79,43.0,43.73,43.66,44.25,40.34,40.76,40.7,41.17,43.23,44.07,44.1,44.77
94023,Isernia,,99,940230000099,1,Residenziale,1,Tessuto urbano continuo,94,,True,40.38,41.47,41.37,42.71,40.21,41.53,41.62,42.85,38.36,39.56,39.62,40.5,41.39,42.51,42.51,43.77,40.27,41.62,41.77,42.52,42.02,43.17,43.21,44.14,38.89,39.68,39.64,40.66,42.53,43.55,43.7,44.35
94023,Isernia,,100,940230000100,1,Residenziale,1,Tessuto urbano continuo,53,,True,40.04,40.56,40.63,40.88,39.59,40.58,40.53,41.17,37.71,38.78,38.86,39.22,40.9,41.61,41.65,41.98,39.78,40.64,40.68,41.14,41.61,42.48,42.51,43.3,38.81,39.76,39.86,40.32,41.95,42.74,42.71,43.36
94023,Isernia,,101,940230000101,1,Residenziale,1,Tessuto urbano continuo,91,,True,40.64,40.85,40.87,41.11,40.36,40.9,41.06,41.17,38.84,39.19,39.22,39.62,41.31,41.71,41.67,42.18,40.13,40.71,40.74,41.43,42.09,42.67,42.68,43.3,39.39,39.96,39.86,40.39,42.64,43.02,43.09,43.36
94023,Isernia,,102,940230000102,1,Residenziale,1,Tessuto urbano continuo,81,,True,32.77,35.39,35.47,37.1,32.83,34.84,34.85,36.49,31.24,33.22,33.24,34.94,33.53,35.92,36.07,37.5,32.82,35.08,35.15,37.01,34.86,36.82,36.85,38.65,32.78,34.42,34.5,35.99,34.18,36.58,36.65,38.66
94023,Isernia,,103,940230000103,1,Residenziale,1,Tessuto urbano continuo,81,,True,40.33,40.92,40.83,41.6,39.97,40.56,40.47,41.06,38.02,38.55,38.45,39.23,41.13,41.7,41.66,42.3,39.23,40.11,39.9,41.12,40.67,41.47,41.28,42.62,38.88,39.53,39.45,40.28,39.55,41.12,41.12,42.62
94023,Isernia,,104,940230000104,1,Residenziale,1,Tessuto urbano continuo,37,,True,41.05,41.31,41.32,41.53,40.57,40.74,40.72,40.95,38.74,38.93,38.91,39.15,41.67,41.85,41.91,41.92,40.03,40.61,40.68,41.06,41.63,41.86,41.85,42.1,39.84,40.23,40.19,40.67,41.05,41.92,42.05,42.54
94023,Isernia,,105,940230000105,1,Residenziale,1,Tessuto urbano continuo,34,,True,41.59,41.6,41.6,41.63,41.02,41.06,41.06,41.11,39.23,39.27,39.26,39.32,42.15,42.18,42.19,42.2,41.08,41.21,41.11,41.45,42.04,42.3,42.21,42.66,40.19,40.38,40.28,40.66,41.12,41.14,41.15,41.15
94023,Isernia,,106,940230000106,1,Residenziale,1,Tessuto urbano continuo,44,,True,41.3,41.44,41.44,41.55,40.98,41.06,41.07,41.1,38.93,39.03,39.02,39.17,42.04,42.21,42.24,42.3,41.08,41.19,41.11,41.38,42.62,42.83,42.85,43.08,39.8,39.92,39.89,40.05,41.12,42.68,42.99,43.0
94023,Isernia,,107,940230000107,1,Residenziale,1,Tessuto urbano continuo,166,,True,40.84,41.21,41.2,41.64,40.57,40.88,40.92,41.36,38.72,39.1,39.15,39.42,41.43,41.79,41.79,42.38,40.95,41.23,41.17,41.76,42.43,42.69,42.63,43.45,39.31,39.57,39.57,40.11,40.58,41.22,41.05,42.41
94023,Isernia,,108,940230000108,1,Residenziale,1,Tessuto urbano continuo,82,,True,40.69,41.17,41.2,41.74,40.43,40.85,40.89,41.26,38.63,39.06,39.09,39.43,41.4,41.94,42.0,42.25,41.05,41.33,41.37,41.65,42.29,42.55,42.57,42.82,39.25,39.58,39.63,39.96,42.83,43.05,43.1,43.31
94023,Isernia,,109,940230000109,1,Residenziale,1,Tessuto urbano continuo,32,,True,40.11,41.08,41.04,42.26,39.83,40.69,40.62,41.76,38.3,39.02,39.01,39.96,41.62,42.24,42.11,42.96,40.55,41.46,41.34,42.48,41.87,42.62,42.45,43.47,39.12,39.72,39.55,40.48,42.32,43.21,43.02,44.08
94023,Isernia,,110,940230000110,37,Scuole/istituti,5,Edifici pubblici e servizi,0,,True,38.68,40.24,40.46,41.38,38.62,40.04,40.13,41.62,37.13,38.48,38.69,39.61,41.14,42.28,42.29,43.15,39.66,41.41,41.5,42.42,41.41,43.11,43.11,44.16,38.85,39.89,39.83,40.84,41.56,43.37,43.38,44.47
94023,Isernia,,111,940230000111,1,Residenziale,1,Tessuto urbano continuo,11,,True,36.22,38.16,38.7,39.15,35.41,37.34,37.9,38.33,33.25,35.3,35.86,36.52,36.63,38.46,38.87,39.46,35.8,37.71,38.36,38.7,37.43,39.22,39.68,40.07,35.12,36.95,37.46,37.9,38.1,39.99,40.4,41.01
94023,Isernia,,112,940230000112,1,Residenziale,1,Tessuto urbano continuo,20,,True,35.37,37.67,38.09,39.35,34.67,36.9,37.25,38.79,32.58,34.78,35.11,36.79,35.69,37.88,38.26,39.51,34.98,37.19,37.58,39.07,36.43,38.53,38.98,40.0,34.31,36.38,36.77,37.98,36.67,38.67,39.12,39.66
94023,Isernia,,113,940230000113,1,Residenziale,1,Tessuto urbano continuo,187,,True,39.16,40.53,40.42,41.58,38.45,40.28,40.13,41.58,36.43,38.09,37.95,39.29,39.38,41.18,41.13,42.5,38.67,40.06,39.92,41.58,39.78,41.32,41.05,43.64,37.77,39.22,39.08,40.43,38.53,40.41,39.51,43.34
94023,Isernia,,114,940230000114,1,Residenziale,1,Tessuto urbano continuo,253,,True,37.05,38.93,38.98,41.42,36.51,38.5,38.48,41.24,34.46,36.54,36.64,39.14,37.48,39.43,39.54,42.21,36.6,38.65,38.69,41.37,38.11,40.49,40.5,43.49,35.97,37.74,37.8,39.98,37.78,38.93,38.66,41.2
94023,Isernia,,115,940230000115,1,Residenziale,1,Tessuto urbano continuo,16,,True,37.08,39.72,40.28,40.95,36.37,39.28,39.81,40.55,34.94,37.44,37.95,38.47,37.49,40.44,41.1,41.54,37.01,39.78,40.35,40.96,38.6,41.57,42.12,42.68,35.88,38.4,38.84,39.32,38.66,40.84,41.2,41.99
94023,Isernia,,116,940230000116,1,Residenziale,1,Tessuto urbano continuo,42,,True,36.68,38.64,38.71,39.9,35.93,38.25,38.36,39.69,35.12,36.82,36.74,37.93,37.88,40.05,40.13,41.54,37.89,39.61,39.71,40.92,39.24,41.13,41.33,42.75,37.09,38.47,38.54,39.85,39.35,41.33,41.48,42.88
94023,Isernia,,117,940230000117,1,Residenziale,1,Tessuto urbano continuo,277,,True,34.12,37.3,37.1,40.6,33.25,36.81,37.02,40.67,32.35,35.41,35.28,38.91,35.59,38.79,39.1,42.29,34.49,37.67,37.8,41.5,35.85,39.38,39.39,43.11,33.95,36.86,37.02,39.61,35.8,39.42,39.46,43.38
94023,Isernia,,118,940230000118,24,Carcere,5,Edifici pubblici e servizi,0,,True,39.22,40.6,41.02,41.53,39.29,40.22,40.39,41.02,37.24,38.69,38.88,39.53,40.19,41.91,42.18,42.98,39.42,41.33,41.69,42.35,41.0,42.69,42.73,43.84,39.68,41.18,41.32,42.04,41.44,42.61,42.71,43.46
94023,Isernia,,119,940230000119,1,Residenziale,1,Tessuto urbano continuo,165,,True,39.64,41.25,41.36,42.51,39.82,41.71,41.86,43.13,40.21,41.38,41.48,42.5,40.98,42.7,42.77,43.88,39.84,41.32,41.59,42.53,40.57,42.4,42.6,43.87,39.41,40.6,40.68,41.68,40.77,42.47,42.81,43.73
94023,Isernia,,120,940230000120,1,Residenziale,1,Tessuto urbano continuo,224,,True,33.32,36.27,36.21,39.53,33.23,36.8,36.88,40.62,32.42,35.47,35.07,40.18,37.01,39.18,38.72,42.09,34.33,37.22,36.92,40.29,36.11,38.61,38.31,41.64,32.89,36.25,36.17,39.63,34.39,38.37,38.15,42.37
94023,Isernia,,121,940230000121,1,Residenziale,1,Tessuto urbano continuo,0,,True,39.53,40.04,40.17,40.28,39.73,40.04,40.1,40.25,37.79,38.88,38.84,40.05,40.91,41.57,41.77,41.82,39.62,40.28,40.46,40.57,40.98,41.49,41.64,41.69,39.56,39.8,39.83,39.97,40.61,41.14,41.31,41.34
94023,Isernia,,122,940230000122,10,Ferrovia,3,Rete infrastrutturale,3,,True,41.33,42.13,42.17,42.64,40.37,41.35,41.33,42.5,39.29,39.92,39.95,40.44,41.91,42.76,42.8,43.38,40.96,41.77,41.81,42.16,42.08,43.21,43.35,43.7,39.55,40.69,40.86,41.24,42.86,43.66,43.78,44.16
94023,Isernia,,151,940230000151,1,Residenziale,1,Tessuto urbano continuo,396,,True,35.33,37.94,38.0,39.39,34.11,37.16,37.4,38.71,34.18,37.47,37.46,39.39,35.76,38.62,38.53,40.68,33.87,37.54,37.71,39.16,36.61,39.2,39.21,41.05,31.93,35.41,35.49,37.25,33.89,36.92,36.73,42.35
94023,Isernia,,152,940230000152,1,Residenziale,1,Tessuto urbano continuo,65,,True,36.09,37.6,37.54,38.88,34.76,36.62,36.62,37.95,33.93,36.51,36.73,37.74,36.32,38.27,38.5,39.8,35.15,36.95,37.12,38.36,37.56,39.17,39.43,40.4,33.06,35.17,35.43,36.19,34.11,37.41,37.74,39.41
94023,Isernia,,153,940230000153,1,Residenziale,1,Tessuto urbano continuo,74,,True,36.43,38.55,38.71,39.48,35.94,38.24,38.4,39.28,35.61,37.79,37.98,38.61,36.74,38.87,39.08,39.92,35.93,38.12,38.36,39.14,39.17,41.44,41.66,42.37,34.31,36.36,36.53,37.27,36.05,38.56,38.79,39.59
94023,Isernia,,154,940230000154,1,Residenziale,1,Tessuto urbano continuo,208,,True,33.28,37.49,37.73,39.51,33.09,36.75,37.04,38.39,31.48,35.22,35.47,36.6,34.75,38.59,38.88,40.31,33.81,37.44,37.73,39.1,35.66,38.88,39.02,40.57,32.46,36.17,36.38,37.97,34.45,39.44,39.74,42.16
94023,Isernia,,155,940230000155,1,Residenziale,1,Tessuto urbano continuo,121,,True,34.57,37.15,37.23,38.39,35.6,38.8,38.93,40.66,33.62,35.98,35.96,38.23,36.3,38.68,38.94,40.0,34.75,37.17,37.43,38.81,37.59,40.03,39.99,42.18,34.56,36.3,36.48,37.21,36.57,39.52,39.64,40.79
94023,Isernia,,156,940230000156,1,Residenziale,1,Tessuto urbano continuo,63,,True,34.14,36.8,36.87,38.52,34.97,37.5,37.49,39.41,32.75,35.98,36.27,38.19,34.82,37.37,37.51,39.51,33.63,36.43,36.49,38.28,36.84,38.87,38.98,40.78,32.49,35.71,35.88,37.7,33.75,36.72,36.81,38.53
94023,Isernia,,157,940230000157,1,Residenziale,1,Tessuto urbano continuo,48,,True,32.94,34.97,35.03,36.34,32.2,34.13,34.36,35.27,30.22,32.43,32.51,34.0,34.12,36.12,36.31,37.2,32.27,34.43,34.75,35.65,32.77,36.51,36.7,38.27,31.02,33.13,33.38,34.36,32.97,35.54,35.72,36.86
94023,Isernia,,158,940230000158,1,Residenziale,1,Tessuto urbano continuo,16,,True,33.95,35.38,35.54,35.99,33.41,34.42,34.52,35.11,32.7,33.68,33.48,34.99,36.05,37.16,37.33,37.99,34.43,35.55,35.64,36.51,35.82,36.83,36.99,37.72,32.97,34.32,34.51,34.76,33.9,35.26,35.53,36.02
94023,Isernia,,159,940230000159,1,Residenziale,1,Tessuto urbano continuo,77,,True,33.04,36.03,36.37,37.97,34.33,37.71,38.38,39.75,33.91,36.17,35.89,38.31,35.28,38.68,39.12,40.57,34.29,37.1,37.52,38.81,35.92,38.4,38.8,40.02,32.8,35.63,36.2,37.39,34.68,38.4,38.95,40.53
94023,Isernia,,160,940230000160,1,Residenziale,1,Tessuto urbano continuo,50,,True,34.17,36.39,36.65,38.02,35.39,37.59,37.7,39.16,32.99,34.36,34.44,36.33,36.75,38.39,38.06,41.26,35.5,36.98,36.87,38.78,36.59,38.2,38.15,40.14,33.31,34.83,34.77,36.44,35.88,37.98,37.78,40.2
94023,Isernia,,161,940230000161,1,Residenziale,1,Tessuto urbano continuo,34,,True,32.31,33.88,33.91,35.67,33.7,34.89,34.73,37.26,31.56,33.88,33.97,35.77,35.33,37.85,38.04,39.79,32.68,34.87,34.86,36.99,35.71,37.12,37.11,38.74,32.43,33.7,33.64,35.27,33.79,35.77,35.78,37.51
94023,Isernia,,162,940230000162,1,Residenziale,1,Tessuto urbano continuo,37,,True,33.34,35.9,36.14,37.35,33.76,35.59,35.77,36.81,31.48,33.75,33.0,37.48,33.42,35.29,35.26,37.39,33.78,35.88,35.89,37.72,35.9,37.91,38.05,39.73,33.98,35.74,35.54,37.85,33.96,35.85,35.6,37.47
94023,Isernia,,163,940230000163,1,Residenziale,1,Tessuto urbano continuo,26,,True,38.03,38.89,38.82,39.67,36.39,37.68,37.59,38.79,35.61,36.22,36.17,36.89,40.16,40.89,40.99,41.62,37.27,38.15,38.18,38.93,38.57,39.55,39.53,40.95,35.78,36.82,36.77,37.92,37.82,39.73,39.7,41.28
94023,Isernia,,164,940230000164,1,Residenziale,1,Tessuto urbano continuo,60,,True,36.19,37.94,38.16,39.01,36.89,38.56,38.7,39.56,34.97,36.56,36.5,38.44,38.33,39.81,39.93,41.0,36.06,37.7,37.82,38.65,39.64,41.08,41.11,42.06,36.26,37.48,37.57,38.35,37.38,38.89,38.94,39.9
94023,Isernia,,165,940230000165,1,Residenziale,1,Tessuto urbano continuo,77,,True,34.95,37.41,37.61,39.04,36.27,38.59,38.69,40.08,33.63,37.34,36.85,40.26,38.04,40.79,41.18,42.1,34.96,37.96,38.12,39.93,37.37,40.39,40.36,42.4,33.75,37.03,37.54,39.0,34.0,36.88,37.37,38.25
94023,Isernia,,166,940230000166,1,Residenziale,1,Tessuto urbano continuo,507,,True,34.95,38.33,38.88,41.75,34.87,39.06,39.68,42.41,33.59,37.15,37.57,40.35,36.07,40.07,40.77,42.68,34.6,38.18,38.68,41.64,36.83,40.15,40.89,43.2,33.69,36.91,37.27,40.58,36.91,40.1,40.79,43.53
94023,Isernia,,167,940230000167,1,Residenziale,1,Tessuto urbano continuo,47,,True,35.41,38.43,38.95,40.92,36.18,38.89,39.52,41.27,33.71,36.7,36.87,38.68,39.08,40.78,40.76,42.53,36.14,39.26,39.13,41.83,37.85,40.32,40.42,43.42,33.96,37.44,38.03,41.04,35.72,39.28,39.62,43.17
94023,Isernia,,168,940230000168,1,Residenziale,1,Tessuto urbano continuo,60,,True,34.65,36.56,36.64,38.27,35.22,37.27,37.38,39.06,34.84,36.94,36.86,38.56,37.46,38.73,38.63,40.04,35.07,36.73,36.66,38.26,36.61,37.94,37.93,39.62,33.24,35.31,35.35,37.06,36.17,38.0,38.07,39.64
94023,Isernia,,169,940230000169,1,Residenziale,1,Tessuto urbano continuo,29,,True,33.4,36.8,37.14,38.99,34.25,37.78,37.94,40.02,29.83,33.81,33.66,37.49,35.52,39.46,39.62,42.24,33.53,36.57,36.54,39.57,36.0,38.95,39.22,40.95,32.43,36.22,36.28,38.37,33.42,37.39,37.88,39.4
94023,Isernia,,170,940230000170,1,Residenziale,1,Tessuto urbano continuo,75,,True,33.71,37.52,37.49,41.05,33.74,37.45,37.49,40.29,31.57,35.48,35.6,38.93,35.91,38.89,38.43,42.62,34.45,38.02,37.94,42.19,36.21,39.8,39.58,43.79,34.39,37.8,37.85,41.74,34.92,39.18,39.1,43.34
94023,Isernia,,171,940230000171,12,Attivita produttive,2,Superficie impervia pesante,5,,True,34.29,36.69,37.16,38.81,34.05,36.17,36.43,38.29,33.11,35.3,35.1,37.65,35.24,37.46,37.4,39.65,33.25,35.97,36.34,38.61,37.38,39.49,39.74,41.44,34.62,36.87,37.09,38.82,35.59,38.07,38.4,40.0
94023,Isernia,,172,940230000172,1,Residenziale,1,Tessuto urbano continuo,60,,True,32.22,36.03,36.15,37.76,33.83,37.48,37.68,39.15,31.35,35.19,35.61,37.5,35.52,39.42,39.86,41.28,32.63,36.82,37.34,38.29,35.5,38.17,38.19,39.59,32.24,35.88,36.21,37.5,33.55,37.58,37.86,39.73
94023,Isernia,,174,940230000174,1,Residenziale,1,Tessuto urbano continuo,34,,True,33.38,36.21,36.05,39.27,32.56,35.86,35.75,39.18,33.65,36.42,36.09,39.43,34.86,37.84,37.77,41.36,32.89,35.67,35.53,39.14,36.07,38.6,38.65,41.51,33.52,36.03,35.89,39.32,34.59,38.05,38.23,42.06
94023,Isernia,,175,940230000175,9,Ospedale/ASL,5,Edifici pubblici e servizi,3,,True,35.5,38.86,39.03,39.9,35.22,39.18,39.37,40.29,34.92,38.72,38.89,39.83,37.41,40.15,40.31,41.73,35.49,38.27,38.38,39.44,38.33,41.01,41.13,42.38,36.32,38.76,38.94,39.66,37.68,41.33,41.43,42.64
94023,Isernia,,176,940230000176,1,Residenziale,1,Tessuto urbano continuo,31,,True,36.38,37.15,36.77,38.3,36.37,36.93,36.61,37.8,35.87,36.37,35.92,37.32,37.52,38.26,37.86,39.41,35.92,36.71,36.13,38.1,38.33,39.03,38.66,40.11,35.45,36.12,35.57,37.32,38.73,39.44,38.91,40.67
94023,Isernia,,177,940230000177,1,Residenziale,1,Tessuto urbano continuo,184,,True,36.72,38.04,37.9,39.32,36.69,37.86,37.73,39.12,35.83,37.3,37.12,38.86,38.32,39.81,39.71,41.0,35.56,37.55,37.34,39.0,38.86,40.03,40.12,41.22,35.82,37.54,37.65,38.58,38.81,39.92,40.01,40.79
94023,Isernia,,178,940230000178,1,Residenziale,1,Tessuto urbano continuo,43,,True,35.76,36.44,36.43,37.14,35.69,36.44,36.37,37.53,35.48,36.55,36.49,37.87,36.66,37.32,37.25,38.19,34.76,35.91,35.92,37.43,37.82,38.51,38.5,39.28,35.1,36.17,36.09,37.28,37.48,38.41,38.43,39.32
94023,Isernia,,179,940230000179,1,Residenziale,1,Tessuto urbano continuo,0,,True,36.05,36.86,36.86,37.68,35.97,36.84,36.84,37.71,36.02,36.62,36.62,37.22,37.03,37.9,37.9,38.76,35.66,36.5,36.5,37.34,38.02,38.74,38.74,39.46,35.37,36.12,36.12,36.87,38.32,39.32,39.32,40.31
94023,Isernia,,180,940230000180,1,Residenziale,1,Tessuto urbano continuo,21,,True,38.14,38.7,38.79,39.09,37.81,38.54,38.6,39.15,37.44,38.7,38.9,39.55,38.39,39.6,39.82,40.37,37.02,37.74,37.83,38.27,39.57,40.78,41.1,41.33,36.96,37.48,37.37,38.2,38.82,39.55,39.55,40.25
94023,Isernia,,183,940230000183,1,Residenziale,1,Tessuto urbano continuo,15,,True,39.31,39.51,39.51,39.7,39.52,39.52,39.52,39.53,39.49,39.6,39.6,39.71,39.93,40.14,40.14,40.35,38.82,39.14,39.14,39.45,41.54,41.63,41.63,41.72,38.98,39.14,39.14,39.31,40.75,40.99,40.99,41.23
94023,Isernia,,184,940230000184,1,Residenziale,1,Tessuto urbano continuo,81,,True,40.19,40.74,40.8,41.48,40.35,40.92,40.92,41.7,39.67,40.41,40.4,40.89,40.57,41.07,41.14,41.95,39.57,40.41,40.55,41.11,42.24,42.77,42.82,43.54,39.47,40.2,40.15,41.23,41.38,42.15,42.25,42.93
94023,Isernia,,185,940230000185,1,Residenziale,1,Tessuto urbano continuo,24,,True,34.17,36.29,36.01,37.97,34.55,36.53,36.42,37.94,34.73,36.83,36.74,38.54,35.05,37.3,37.32,38.89,34.03,35.93,35.92,37.79,36.72,38.49,38.3,39.94,34.69,36.67,36.42,38.18,36.67,38.78,38.6,40.46
94023,Isernia,,186,940230000186,1,Residenziale,1,Tessuto urbano continuo,19,,True,38.01,38.01,38.01,38.01,38.02,38.02,38.02,38.02,38.28,38.28,38.28,38.28,39.18,39.18,39.18,39.18,37.93,37.93,37.93,37.93,39.96,39.96,39.96,39.96,38.19,38.19,38.19,38.19,40.6,40.6,40.6,40.6
94023,Isernia,,187,940230000187,1,Residenziale,1,Tessuto urbano continuo,32,,True,39.49,39.86,39.86,40.23,39.6,39.91,39.91,40.21,40.09,40.49,40.46,40.97,40.32,40.68,40.68,41.04,39.42,39.74,39.66,40.23,41.12,41.64,41.61,42.21,39.5,39.86,39.8,40.36,41.89,42.06,41.97,42.39
94023,Isernia,,188,940230000188,1,Residenziale,1,Tessuto urbano continuo,0,,True,38.7,38.7,38.7,38.7,38.96,38.96,38.96,38.96,39.47,39.47,39.47,39.47,39.61,39.61,39.61,39.61,38.72,38.72,38.72,38.72,40.57,40.57,40.57,40.57,38.8,38.8,38.8,38.8,41.32,41.32,41.32,41.32
94023,Isernia,,189,940230000189,1,Residenziale,1,Tessuto urbano continuo,2,,True,38.8,39.15,39.15,39.49,38.76,39.18,39.18,39.6,39.39,39.83,39.83,40.27,39.59,39.95,39.95,40.32,38.6,39.01,39.01,39.42,40.75,41.05,41.05,41.35,38.92,39.26,39.26,39.6,41.19,41.54,41.54,41.89
94023,Isernia,,190,940230000190,1,Residenziale,1,Tessuto urbano continuo,19,,True,38.58,39.18,39.38,39.6,38.9,39.45,39.67,39.77,38.16,39.02,39.0,39.91,39.39,40.01,40.24,40.39,38.53,39.12,39.18,39.63,40.25,40.82,41.04,41.17,38.56,39.13,39.21,39.61,41.47,42.03,42.19,42.44
94023,Isernia,,191,940230000191,1,Residenziale,1,Tessuto urbano continuo,43,,True,39.64,40.03,39.65,41.28,39.89,40.19,39.94,41.11,40.08,40.39,40.18,41.28,40.92,41.43,41.39,41.95,39.06,39.44,39.16,40.67,41.28,41.62,41.29,42.62,38.8,39.23,38.95,40.58,42.03,42.48,42.24,43.67
94023,Isernia,,192,940230000192,5,Area verde/parco urbano,7,Verde urbano,0,,True,39.38,39.88,39.8,40.43,39.25,39.73,39.61,40.27,37.7,38.92,38.53,40.91,40.21,40.81,40.71,41.52,38.83,39.72,39.64,40.66,40.15,41.0,40.87,42.18,38.66,39.5,39.36,40.63,41.02,41.75,41.7,42.78
94023,Isernia,,193,940230000193,1,Residenziale,1,Tessuto urbano continuo,8,,True,41.06,41.53,41.45,42.17,40.47,40.97,40.86,41.77,39.4,39.83,39.85,40.19,42.03,42.57,42.6,42.97,40.74,41.18,41.15,41.8,41.25,41.64,41.61,42.16,40.72,41.04,40.96,41.7,42.42,42.74,42.6,43.49
94023,Isernia,,194,940230000194,1,Residenziale,1,Tessuto urbano continuo,335,,True,35.07,38.15,38.4,40.53,35.12,38.35,38.49,40.38,32.56,36.32,36.38,39.6,35.41,38.74,38.89,41.25,34.78,37.63,37.78,39.85,37.5,39.95,40.06,41.91,35.86,38.07,38.1,39.83,36.78,39.72,39.84,42.12
94023,Isernia,,195,940230000195,1,Residenziale,1,Tessuto urbano continuo,63,,True,39.3,41.11,41.02,42.67,38.69,40.99,41.31,42.97,37.47,39.33,39.44,40.76,39.95,42.13,42.3,43.65,38.99,40.83,41.0,42.51,41.11,42.87,42.92,44.14,38.45,39.78,39.82,40.96,41.87,43.4,43.39,44.54
94023,Isernia,,196,940230000196,1,Residenziale,1,Tessuto urbano continuo,12,,True,37.35,38.89,39.05,40.27,37.13,39.17,39.53,40.69,36.4,37.77,37.98,38.9,39.21,40.83,40.99,41.81,36.79,38.8,38.8,40.43,39.71,41.4,41.72,42.55,36.35,38.02,38.44,38.96,40.67,41.79,42.06,42.23
94023,Isernia,,197,940230000197,1,Residenziale,1,Tessuto urbano continuo,31,,True,32.0,35.28,35.26,38.46,31.53,35.4,35.53,38.26,30.11,33.51,33.45,36.65,34.76,37.06,36.94,39.46,31.9,35.3,35.37,38.18,34.97,37.89,37.93,40.46,31.82,35.16,35.12,38.05,33.12,36.79,36.67,40.9
94023,Isernia,,198,940230000198,37,Scuole/istituti,5,Edifici pubblici e servizi,0,,True,42.44,42.61,42.57,42.82,42.27,42.41,42.38,42.57,40.65,40.9,40.88,41.1,43.16,43.26,43.19,43.44,42.38,42.52,42.45,42.79,43.74,43.85,43.8,44.13,40.31,40.44,40.44,40.6,44.08,44.29,44.26,44.52
94023,Isernia,,199,940230000199,1,Residenziale,1,Tessuto urbano continuo,172,,True,41.79,42.02,41.98,42.44,41.03,41.72,41.68,42.27,40.2,40.71,40.74,41.1,42.56,42.83,42.84,43.16,41.61,41.95,41.89,42.54,43.45,43.64,43.62,43.84,40.45,40.93,41.16,41.37,43.61,43.79,43.75,44.12
94023,Isernia,,200,940230000200,1,Residenziale,1,Tessuto urbano continuo,36,,True,41.65,41.81,41.73,42.63,40.82,41.24,41.1,42.22,39.57,39.9,39.78,41.07,42.35,42.57,42.5,43.41,41.14,41.49,41.41,42.52,42.07,42.51,42.63,42.91,40.69,41.0,40.78,42.14,41.13,42.46,42.61,43.82
94023,Isernia,,201,940230000201,1,Residenziale,1,Tessuto urbano continuo,146,,True,40.65,41.26,41.29,42.04,40.27,40.89,40.97,41.61,38.58,39.08,39.11,39.67,42.43,42.74,42.73,43.06,41.71,42.02,42.01,42.42,43.21,43.59,43.59,43.79,40.32,40.53,40.47,40.73,43.72,44.01,43.97,44.28
94023,Isernia,,202,940230000202,5,Area verde/parco urbano,7,Verde urbano,4,,True,40.56,40.82,40.85,41.05,40.32,40.47,40.53,40.57,38.47,38.75,38.86,38.93,41.48,41.76,41.9,41.91,39.48,39.74,39.71,40.03,41.12,41.43,41.53,41.63,39.22,39.6,39.73,39.84,41.56,42.2,42.51,42.54
94023,Isernia,,203,940230000203,1,Residenziale,1,Tessuto urbano continuo,11,,True,36.87,38.12,37.92,39.42,36.22,37.55,37.4,39.03,35.07,36.33,36.17,37.54,38.43,39.6,39.48,40.68,37.03,38.38,38.29,39.69,38.35,39.78,39.65,41.21,36.31,37.37,37.26,38.61,38.53,39.89,39.75,41.35
94023,Isernia,,204,940230000204,1,Residenziale,1,Tessuto urbano continuo,232,,True,40.08,40.75,40.88,41.32,39.69,40.41,40.42,41.38,37.75,38.82,38.58,40.89,41.04,42.06,42.11,42.7,39.9,41.13,41.32,41.63,40.97,42.31,42.39,43.1,39.35,40.55,40.64,41.3,40.37,41.87,41.88,42.99
94023,Isernia,,205,940230000205,1,Residenziale,1,Tessuto urbano continuo,173,,True,39.48,39.97,39.96,41.34,39.58,40.21,40.08,41.91,39.95,40.44,40.47,41.18,40.63,41.33,41.3,42.66,39.47,40.21,40.1,41.31,40.24,41.1,41.08,42.26,38.95,39.59,39.56,40.6,40.01,40.97,41.12,42.11
94023,Isernia,,206,940230000206,1,Residenziale,1,Tessuto urbano continuo,333,,True,39.15,39.81,39.77,40.46,39.16,39.83,39.83,41.0,37.26,38.62,37.93,40.38,40.63,41.23,41.3,42.2,39.3,40.1,40.09,41.33,40.22,40.97,41.0,41.83,38.85,39.65,39.7,40.47,39.98,40.82,40.87,41.5
94023,Isernia,,207,940230000207,1,Residenziale,1,Tessuto urbano continuo,207,,True,36.27,37.78,37.66,39.94,36.91,38.3,38.09,40.52,34.85,37.45,37.47,40.21,38.79,40.08,39.79,41.73,36.69,38.13,37.74,40.54,38.32,39.93,39.77,41.75,35.52,37.54,37.16,39.76,37.26,39.16,39.01,42.17
94023,Isernia,,208,940230000208,1,Residenziale,1,Tessuto urbano continuo,147,,True,36.34,38.41,38.19,40.79,37.06,38.92,38.79,41.36,34.79,36.92,36.6,41.27,38.54,40.38,40.1,42.75,36.96,39.05,39.05,41.28,38.59,40.33,40.27,42.16,36.82,38.67,38.72,40.5,38.78,40.23,40.2,42.01
94023,Isernia,,209,940230000209,1,Residenziale,1,Tessuto urbano continuo,371,,True,36.54,39.37,39.41,42.19,36.94,39.75,40.0,42.6,35.01,37.84,37.69,42.28,39.5,41.67,41.89,43.65,37.43,39.74,39.69,42.23,38.33,41.01,41.22,43.76,36.48,38.92,39.08,41.14,38.18,40.17,40.18,42.85
94023,Isernia,,210,940230000210,12,Attivita produttive,2,Superficie impervia pesante,60,,True,34.63,37.95,37.77,40.67,34.98,38.16,37.69,41.03,34.65,37.93,37.97,40.44,38.59,40.77,40.75,42.86,36.01,38.55,37.99,41.7,37.2,40.22,40.25,42.35,34.38,37.85,37.43,40.81,37.21,39.55,39.67,41.56
94023,Isernia,,211,940230000211,1,Residenziale,1,Tessuto urbano continuo,33,,True,39.2,39.71,39.58,40.49,39.7,40.12,40.12,40.66,37.49,37.95,37.87,38.48,40.88,41.52,41.48,42.2,40.19,40.85,40.83,41.78,41.99,42.92,43.04,43.62,40.0,40.55,40.54,41.12,41.9,42.61,42.63,43.29
94023,Isernia,,212,940230000212,1,Residenziale,1,Tessuto urbano continuo,640,,True,36.28,39.99,40.26,42.54,36.24,40.02,40.13,43.09,33.41,38.1,38.07,42.45,37.34,41.28,41.57,43.9,36.41,40.15,40.4,42.14,38.45,41.67,41.94,43.62,36.56,39.77,39.94,41.44,37.85,41.41,41.53,43.28
94023,Isernia,,213,940230000213,25,Struttura ricettiva,5,Edifici pubblici e servizi,0,,True,39.82,40.24,39.91,41.09,40.17,40.72,40.76,41.38,36.76,37.54,37.54,38.21,42.12,42.46,42.4,42.92,39.46,40.06,40.01,40.9,41.47,41.9,41.79,42.65,38.69,39.26,39.0,40.08,39.37,40.06,39.61,41.3
94023,Isernia,,214,940230000214,1,Residenziale,1,Tessuto urbano continuo,40,,True,34.17,36.18,36.14,37.82,33.65,36.5,36.53,38.1,35.53,37.08,37.07,38.26,37.27,39.33,39.41,40.37,35.45,37.14,37.07,38.69,36.08,38.31,38.51,39.58,32.95,35.83,36.08,37.3,36.41,38.9,39.16,40.18
94023,Isernia,,215,940230000215,12,Attivita produttive,2,Superficie impervia pesante,29,,True,36.59,38.24,38.36,39.9,37.24,38.59,38.26,40.62,36.16,38.33,38.15,40.27,39.55,40.85,40.76,42.26,37.18,38.98,39.07,40.63,38.86,40.15,40.0,41.89,36.59,37.98,37.85,39.43,38.36,40.72,40.7,42.59
94023,Isernia,,216,940230000216,1,Residenziale,1,Tessuto urbano continuo,39,,True,33.79,37.75,37.91,40.55,34.83,38.35,38.65,40.9,31.16,34.8,34.96,37.24,37.0,40.52,40.82,42.17,34.16,37.97,38.21,40.17,37.12,39.85,39.87,41.96,33.79,37.64,37.85,39.65,33.76,38.29,38.63,40.51
94023,Isernia,,217,940230000217,1,Residenziale,1,Tessuto urbano continuo,80,,True,33.48,36.78,36.98,38.53,34.21,37.87,38.12,39.31,34.39,37.22,37.51,38.65,36.91,39.74,39.89,41.18,34.9,37.54,37.6,38.65,36.73,38.97,39.05,39.98,33.62,36.29,36.51,37.69,36.9,39.15,39.27,40.37
94023,Isernia,,218,940230000218,1,Residenziale,1,Tessuto urbano continuo,36,,True,36.87,39.11,39.28,40.41,37.72,39.41,39.52,40.28,38.51,40.63,40.75,41.99,38.71,41.22,41.47,42.58,36.67,39.04,39.25,40.06,40.49,42.47,42.55,43.62,36.77,39.15,39.35,40.23,37.11,39.57,39.88,41.51
94023,Isernia,,219,940230000219,22,Bosco/copertura forestale,8,Vegetazione naturale,12,,True,26.56,30.49,30.05,38.35,26.43,29.76,29.41,39.82,26.1,29.46,29.05,37.82,28.4,31.81,31.34,41.75,27.97,30.59,30.29,39.06,28.03,31.19,31.03,40.12,25.48,29.07,28.8,37.99,26.68,30.33,30.11,40.61
94023,Isernia,,220,940230000220,22,Bosco/copertura forestale,8,Vegetazione naturale,123,,True,25.83,30.93,30.05,39.74,24.94,30.53,30.05,38.99,23.84,29.93,29.17,39.26,25.04,31.91,31.38,40.74,26.35,31.4,30.57,38.85,27.56,33.88,33.44,42.46,24.73,30.47,29.89,38.61,25.66,31.46,30.75,41.02
94023,Isernia,,221,940230000221,26,Area agricola,9,Colture agricole,358,,True,28.2,35.18,35.4,39.34,28.32,35.15,35.4,39.76,27.87,33.74,34.11,38.7,30.53,37.19,37.54,42.08,29.61,35.39,35.69,39.22,31.23,37.18,37.37,41.35,27.86,33.3,33.43,37.46,29.79,35.86,35.86,42.35
94023,Isernia,,222,940230000222,22,Bosco/copertura forestale,8,Vegetazione naturale,119,,True,28.88,32.6,32.19,41.73,27.9,32.55,32.11,43.36,27.15,30.75,30.29,41.75,29.7,33.64,33.14,43.91,28.56,32.1,31.76,40.54,31.18,34.76,34.05,42.77,27.46,30.8,30.38,38.77,25.73,32.02,31.23,41.6
94023,Isernia,,223,940230000223,26,Area agricola,9,Colture agricole,254,,True,28.46,34.18,34.5,40.94,29.01,34.78,35.03,41.72,27.95,34.39,34.58,40.93,30.78,37.36,37.59,42.59,29.26,35.0,35.27,41.24,31.3,36.68,36.66,43.34,27.35,33.46,33.38,40.24,29.89,36.27,36.36,43.11
94023,Isernia,,224,940230000224,22,Bosco/copertura forestale,8,Vegetazione naturale,0,,True,27.7,31.18,30.74,37.45,27.87,30.51,30.06,36.29,25.88,28.86,28.3,35.66,29.22,31.92,31.34,38.68,27.9,30.36,29.74,38.72,28.84,31.81,31.26,40.59,25.85,29.2,28.74,35.24,27.0,30.43,29.95,36.73
94023,Isernia,,225,940230000225,26,Area agricola,9,Colture agricole,68,,True,29.2,35.08,35.12,40.35,28.27,33.83,34.03,38.79,27.67,33.49,33.66,38.7,30.14,36.1,36.22,41.93,29.02,34.48,34.65,39.04,29.52,35.88,36.15,41.76,27.33,32.45,32.72,37.92,28.79,33.93,33.96,41.32
94023,Isernia,,226,940230000226,22,Bosco/copertura forestale,8,Vegetazione naturale,307,,True,28.93,33.6,33.7,40.19,28.76,34.27,34.35,40.66,26.81,32.25,32.33,38.83,29.56,35.26,35.32,41.98,29.41,33.87,33.91,39.69,31.4,36.73,36.79,42.58,28.88,33.01,32.93,39.5,29.67,34.22,34.16,42.38
94023,Isernia,,227,940230000227,22,Bosco/copertura forestale,8,Vegetazione naturale,81,,True,27.88,31.68,31.13,38.93,27.78,31.87,31.28,39.38,26.23,30.04,29.44,37.96,29.4,33.21,32.67,40.63,28.6,32.23,31.67,38.51,31.39,34.77,34.13,42.23,27.09,31.32,30.66,38.6,29.03,33.15,32.61,40.0
94023,Isernia,,228,940230000228,22,Bosco/copertura forestale,8,Vegetazione naturale,345,,True,29.01,35.3,35.47,40.4,29.5,35.31,35.43,40.57,27.61,34.72,35.04,41.73,29.53,36.4,36.51,42.55,29.32,35.3,35.49,39.99,30.46,38.22,38.4,44.18,29.66,35.34,35.45,41.25,31.12,36.76,36.58,42.17
94023,Isernia,,229,940230000229,26,Area agricola,9,Colture agricole,303,,True,29.11,35.82,36.44,41.72,28.77,36.52,36.92,43.36,28.26,36.27,36.83,42.51,29.46,37.67,38.28,43.91,28.76,35.93,36.51,41.05,31.12,39.02,39.56,45.53,29.24,35.46,36.07,40.83,26.9,35.81,36.22,42.17
94023,Isernia,,230,940230000230,22,Bosco/copertura forestale,8,Vegetazione naturale,394,,True,30.11,35.16,35.17,42.76,30.42,35.75,35.53,43.78,28.2,34.09,33.93,42.75,31.08,37.04,36.82,44.79,29.91,34.83,34.71,42.24,32.49,38.0,37.96,45.12,29.64,34.24,34.05,41.15,29.03,35.15,35.16,42.34
94023,Isernia,,231,940230000231,22,Bosco/copertura forestale,8,Vegetazione naturale,14,,True,26.6,31.53,30.82,40.51,26.6,31.48,31.07,39.62,23.99,29.45,28.96,38.84,27.32,32.27,31.46,40.1,26.12,30.78,29.78,39.58,27.97,33.12,32.33,42.39,25.26,29.65,29.27,36.57,22.33,30.58,30.08,42.24
94023,Isernia,,232,940230000232,1,Residenziale,1,Tessuto urbano continuo,35,,True,34.89,36.64,36.79,37.61,33.99,36.57,36.72,37.68,32.4,34.92,35.26,36.57,35.65,37.23,37.26,38.61,34.61,36.64,36.82,37.86,36.67,38.82,39.0,40.08,34.89,36.74,36.92,38.1,36.1,38.19,38.47,39.41
94023,Isernia,,233,940230000233,1,Residenziale,1,Tessuto urbano continuo,47,,True,34.54,36.78,37.01,38.2,34.97,36.64,36.73,37.83,33.49,36.05,36.15,37.79,35.46,37.15,37.18,38.22,35.65,37.23,37.23,38.38,37.8,40.04,40.26,41.12,35.29,36.79,36.85,37.74,37.26,39.34,39.47,40.53
94023,Isernia,,234,940230000234,1,Residenziale,1,Tessuto urbano continuo,19,,True,35.29,37.34,37.58,39.38,36.56,37.79,37.96,39.44,33.56,35.82,35.96,38.12,36.14,38.34,38.28,41.83,35.43,37.41,37.45,39.5,38.04,39.94,40.21,42.2,34.89,36.79,36.94,38.01,36.8,38.8,38.94,40.29
94023,Isernia,,235,940230000235,1,Residenziale,1,Tessuto urbano continuo,36,,True,32.22,33.27,33.38,33.84,31.9,33.55,33.65,34.39,30.63,31.78,31.86,32.29,33.93,35.14,35.22,36.2,32.51,33.56,33.72,34.48,34.89,36.43,36.45,37.62,32.7,34.12,34.04,35.03,33.7,34.92,35.1,35.7
94023,Isernia,,236,940230000236,1,Residenziale,1,Tessuto urbano continuo,30,,True,34.81,36.47,36.57,37.4,34.14,35.5,35.63,36.3,32.78,36.19,36.61,37.21,36.02,37.62,37.67,38.49,34.41,35.66,35.71,36.44,37.73,39.11,39.14,39.97,33.82,36.16,36.27,36.97,34.55,36.77,36.95,37.79
94023,Isernia,,237,940230000237,1,Residenziale,1,Tessuto urbano continuo,12,,True,34.84,36.88,36.98,38.24,35.7,38.46,38.62,39.51,33.87,35.7,35.65,37.62,37.15,38.9,39.01,40.41,34.78,37.48,37.76,38.65,37.29,39.15,39.26,39.99,34.08,35.92,36.02,37.32,35.69,38.18,38.23,40.44
94023,Isernia,,238,940230000238,12,Attivita produttive,2,Superficie impervia pesante,102,,True,35.86,37.85,37.89,39.67,36.07,38.4,38.36,40.99,33.52,36.92,36.99,39.74,37.2,39.84,39.88,41.62,36.05,38.37,38.45,40.14,36.91,39.6,39.41,41.76,34.38,37.05,37.03,39.78,36.6,39.02,38.57,41.86
94023,Isernia,,239,940230000239,1,Residenziale,1,Tessuto urbano continuo,340,,True,36.43,38.8,38.82,41.05,37.26,39.66,39.55,41.7,35.52,37.74,37.75,39.62,39.41,40.9,40.87,42.8,36.94,39.05,39.01,40.87,38.94,40.94,40.9,42.74,35.68,37.61,37.72,39.34,38.58,40.94,40.96,43.01
94023,Isernia,,240,940230000240,12,Attivita produttive,2,Superficie impervia pesante,0,,True,35.21,36.95,37.0,38.8,35.92,38.51,38.72,40.25,34.64,37.41,37.65,39.31,37.67,39.56,39.67,41.68,36.34,37.71,37.64,39.94,36.74,38.97,39.17,41.21,35.1,37.06,37.02,39.3,37.51,39.36,39.52,40.9
94023,Isernia,,241,940230000241,1,Residenziale,1,Tessuto urbano continuo,224,,True,36.38,38.41,38.53,39.69,36.74,38.82,39.09,39.73,33.8,37.68,38.28,39.36,38.92,40.03,40.18,40.68,36.78,38.45,38.52,39.46,38.83,40.43,40.55,41.25,37.37,38.59,38.71,39.34,38.26,39.94,40.05,41.11
94023,Isernia,,242,940230000242,15,Cimitero,5,Edifici pubblici e servizi,0,,True,35.63,37.12,36.94,39.32,35.71,37.04,37.08,38.62,34.24,35.71,35.33,37.84,36.49,37.73,37.72,40.0,35.63,37.07,37.02,39.14,37.93,39.62,39.8,41.56,35.17,36.56,36.43,38.36,37.59,39.63,39.72,41.86
94023,Isernia,,243,940230000243,2,Culto,5,Edifici pubblici e servizi,2,,True,38.03,38.25,38.24,38.47,37.25,37.53,37.49,37.85,38.32,38.73,38.73,39.13,39.79,40.06,40.02,40.36,37.58,37.68,37.61,37.85,39.27,39.49,39.36,39.83,35.82,36.2,36.12,36.64,36.69,37.5,37.39,38.41
94023,Isernia,,244,940230000244,37,Scuole/istituti,5,Edifici pubblici e servizi,0,,True,40.01,41.08,41.14,42.08,40.14,41.26,41.22,42.36,37.49,39.9,40.51,42.01,41.65,42.6,42.73,43.22,40.25,41.09,40.95,42.0,41.11,42.21,42.12,43.22,39.72,40.32,40.28,40.97,41.38,42.2,42.12,43.17
94023,Isernia,,245,940230000245,2,Culto,5,Edifici pubblici e servizi,0,,True,41.42,42.06,42.24,42.51,41.5,42.42,42.55,43.13,38.72,41.25,42.12,42.4,42.72,43.42,43.53,43.88,41.48,42.12,42.32,42.53,42.83,43.47,43.63,43.91,40.44,41.1,41.27,41.68,41.89,42.94,43.16,43.73
94023,Isernia,,246,940230000246,16,Impianto sportivo,6,Impianti sportivi,0,,True,41.71,42.3,42.33,42.65,42.4,42.97,42.95,43.38,41.74,42.12,42.12,42.45,43.39,43.85,43.82,44.19,41.56,42.1,42.14,42.38,42.65,43.3,43.38,43.61,40.76,41.29,41.44,41.61,42.82,43.28,43.34,43.55
94023,Isernia,,247,940230000247,5,Area verde/parco urbano,7,Verde urbano,0,,True,40.29,40.63,40.67,40.88,39.38,40.03,40.14,40.47,38.02,38.22,38.19,38.46,41.26,41.74,41.8,42.11,40.31,40.54,40.47,40.88,41.22,41.74,41.78,42.17,39.96,40.19,40.16,40.47,41.04,41.35,41.37,41.61
94023,Isernia,,248,940230000248,16,Impianto sportivo,6,Impianti sportivi,0,,True,40.53,40.82,40.8,41.21,40.38,40.46,40.43,40.69,38.37,38.5,38.49,38.7,42.14,42.24,42.18,42.55,41.34,41.48,41.49,41.55,42.68,42.8,42.74,43.19,40.66,40.98,40.98,41.3,42.17,42.42,42.35,42.95
94023,Isernia,,249,940230000249,12,Attivita produttive,2,Superficie impervia pesante,0,,True,37.01,38.42,38.47,40.03,37.43,38.77,38.99,39.94,34.25,35.78,35.79,37.61,39.27,40.07,39.75,41.67,36.18,38.39,38.72,40.79,37.88,39.81,39.69,42.39,35.67,37.81,37.85,40.28,36.54,39.69,39.97,42.37
94023,Isernia,,250,940230000250,1,Residenziale,1,Tessuto urbano continuo,10,,True,31.39,33.83,33.24,36.84,32.01,34.49,34.15,37.54,29.64,32.48,31.77,36.48,33.65,36.73,36.67,39.6,31.73,34.54,34.45,37.5,35.09,36.55,36.04,39.15,32.31,34.5,33.85,37.53,33.32,35.28,34.48,38.64
94023,Isernia,,251,940230000251,1,Residenziale,1,Tessuto urbano continuo,0,,True,40.8,41.03,41.07,41.17,40.35,40.51,40.53,40.62,38.49,38.81,38.86,39.04,42.62,42.7,42.7,42.79,41.56,41.87,41.9,42.13,43.23,43.47,43.43,43.82,40.67,41.42,41.53,41.94,42.87,43.13,43.12,43.42
94023,Isernia,,252,940230000252,55,Centro commerciale/fiera,2,Superficie impervia pesante,0,,True,37.54,38.83,38.96,39.66,38.1,39.14,39.24,39.78,34.57,36.25,36.49,37.11,39.21,40.34,40.51,41.17,36.99,39.4,39.79,40.37,39.05,41.26,41.79,42.59,36.7,39.08,39.67,40.23,37.68,41.08,41.59,42.5
94023,Isernia,,253,940230000253,55,Centro commerciale/fiera,2,Superficie impervia pesante,0,,True,38.87,39.71,39.59,40.49,38.94,39.9,40.06,40.66,37.56,38.19,38.36,38.48,40.77,41.56,41.61,42.2,39.66,40.79,40.67,41.78,41.67,42.9,43.05,43.62,39.12,40.36,40.43,41.12,41.35,42.51,42.6,43.29
94023,Isernia,,254,940230000254,1,Residenziale,1,Tessuto urbano continuo,0,,True,39.47,39.7,39.7,39.93,40.15,40.38,40.38,40.61,38.14,38.34,38.34,38.53,41.23,41.36,41.36,41.49,40.45,40.59,40.59,40.74,42.45,42.46,42.46,42.47,40.11,40.13,40.13,40.15,42.26,42.32,42.32,42.38
94023,Isernia,,255,940230000255,8,Caserma,5,Edifici pubblici e servizi,1,,True,38.94,39.75,39.87,39.96,38.92,40.03,40.12,40.65,37.57,38.39,38.53,38.57,40.68,41.35,41.42,41.59,39.41,40.29,40.34,40.6,41.28,42.06,42.14,42.34,38.97,39.8,39.85,40.06,41.13,42.04,42.1,42.3
94023,Isernia,,256,940230000256,1,Residenziale,1,Tessuto urbano continuo,42,,True,39.99,40.37,40.29,41.19,40.82,41.3,41.12,42.11,38.49,38.84,38.79,39.52,41.35,41.65,41.62,42.19,40.53,40.91,40.81,41.58,42.09,42.6,42.57,43.31,39.91,40.24,40.25,40.73,41.99,42.53,42.53,43.16
94023,Isernia,,257,940230000257,37,Scuole/istituti,5,Edifici pubblici e servizi,0,,True,38.55,39.82,40.04,40.58,39.49,40.5,40.47,41.39,37.6,38.76,38.76,39.66,41.29,41.78,41.72,42.26,38.14,39.82,40.11,41.07,40.43,41.86,42.11,42.97,36.67,37.8,37.85,38.78,40.55,41.75,41.75,42.68
94023,Isernia,,258,940230000258,37,Scuole/istituti,5,Edifici pubblici e servizi,0,,True,35.72,37.73,38.44,39.62,34.96,37.08,37.8,39.07,33.84,35.69,36.27,37.48,37.48,39.85,40.53,41.69,37.04,39.19,39.9,40.98,38.8,40.87,41.56,42.78,36.51,38.26,38.82,39.83,38.68,40.98,41.89,43.08
94023,Isernia,,259,940230000259,12,Attivita produttive,2,Superficie impervia pesante,24,,True,38.71,40.61,40.74,41.81,39.61,41.09,41.15,42.1,38.11,39.38,39.51,40.4,39.73,41.54,41.54,42.56,38.85,40.49,40.65,41.45,40.77,41.99,42.01,42.98,37.68,38.79,38.77,39.83,40.87,42.52,42.57,43.66
94023,Isernia,,260,940230000260,37,Scuole/istituti,5,Edifici pubblici e servizi,0,,True,41.53,41.94,41.9,42.3,41.46,42.05,42.15,42.49,39.75,39.91,39.83,40.1,43.11,43.27,43.21,43.45,42.26,42.36,42.35,42.51,43.95,43.98,43.99,43.99,40.45,40.51,40.48,40.62,44.2,44.25,44.22,44.36
94023,Isernia,,261,940230000261,55,Centro commerciale/fiera,2,Superficie impervia pesante,0,,True,39.92,40.77,40.94,41.2,40.42,41.57,41.54,42.18,38.64,39.43,39.51,39.81,41.47,42.41,42.45,42.86,39.64,40.76,40.88,41.78,41.61,42.03,42.0,42.45,37.89,39.24,39.46,39.78,40.76,41.98,42.21,42.61
94023,Isernia,,262,940230000262,37,Scuole/istituti,5,Edifici pubblici e servizi,15,,True,38.63,40.12,40.16,40.99,38.02,39.6,39.66,40.72,36.9,38.22,38.3,38.84,40.14,41.34,41.54,41.67,38.77,40.33,40.45,41.3,40.21,41.77,41.83,42.73,37.48,38.8,38.92,39.55,40.31,41.96,42.02,42.81
94023,Isernia,,263,940230000263,10,Ferrovia,3,Rete infrastrutturale,0,,True,35.06,38.36,38.92,40.95,35.68,38.43,38.93,40.68,34.05,36.97,37.38,39.43,36.61,39.68,40.13,41.88,36.19,38.45,38.77,40.92,37.88,40.43,40.74,42.53,34.15,37.11,37.08,39.8,38.43,40.78,40.83,42.97
94023,Isernia,,264,940230000264,16,Impianto sportivo,6,Impianti sportivi,0,,True,39.74,40.37,39.85,41.26,39.57,40.45,40.02,41.46,38.68,39.41,38.96,40.31,41.02,41.73,41.2,42.69,39.48,40.34,39.95,41.31,41.11,42.12,41.68,43.27,38.11,39.13,38.65,40.29,41.7,42.78,42.29,43.97
94023,Isernia,,265,940230000265,37,Scuole/istituti,5,Edifici pubblici e servizi,1,,True,40.44,41.19,41.08,42.17,40.1,41.3,41.03,42.74,39.28,40.04,40.06,40.92,41.8,42.64,42.44,43.45,40.18,41.05,40.9,42.16,42.05,43.06,42.74,44.2,38.83,40.14,39.86,41.49,42.52,43.76,43.57,44.89
94023,Isernia,,266,940230000266,8,Caserma,5,Edifici pubblici e servizi,0,,True,36.23,37.38,37.39,38.52,36.31,37.85,37.95,39.38,35.37,36.75,36.66,38.33,39.67,40.19,40.12,41.04,37.49,38.5,38.56,39.81,38.9,39.96,39.93,41.44,35.15,36.38,36.28,38.17,38.46,40.18,40.41,42.33
94023,Isernia,,267,940230000267,2,Culto,5,Edifici pubblici e servizi,0,,True,42.17,42.78,42.86,43.09,40.65,41.45,41.4,42.47,38.29,40.57,41.13,41.62,42.67,43.4,43.48,43.92,41.9,42.61,42.63,43.08,43.81,44.32,44.42,44.63,40.87,41.18,41.16,41.86,44.21,44.49,44.53,44.67
94023,Isernia,,268,940230000268,37,Scuole/istituti,5,Edifici pubblici e servizi,0,,True,40.48,41.01,41.1,41.38,40.49,41.04,41.13,41.41,38.22,38.71,38.82,39.06,41.25,41.84,41.97,42.28,40.4,40.89,40.94,41.3,42.82,43.31,43.48,43.64,39.51,39.93,39.97,40.28,40.05,40.68,40.83,41.17
94023,Isernia,,269,940230000269,55,Centro commerciale/fiera,2,Superficie impervia pesante,7,,True,41.26,42.1,42.15,42.77,41.91,42.55,42.55,43.03,40.01,40.6,40.51,41.28,42.75,43.37,43.36,43.79,41.6,42.19,42.16,42.77,43.42,43.83,43.74,44.37,39.92,40.58,40.41,41.47,43.77,44.24,44.23,44.79
94023,Isernia,,270,940230000270,25,Struttura ricettiva,5,Edifici pubblici e servizi,3,,True,37.45,38.12,38.1,38.69,37.64,38.68,38.68,39.26,36.8,37.87,37.95,38.51,39.62,40.29,40.18,41.22,37.4,38.97,39.2,39.69,40.4,41.66,41.72,42.57,37.08,38.68,38.88,39.4,41.15,42.06,42.05,42.64
94023,Isernia,,271,940230000271,5,Area verde/parco urbano,7,Verde urbano,0,,True,41.94,42.26,42.35,42.39,41.27,41.48,41.45,41.73,40.11,40.41,40.51,40.52,42.54,42.76,42.82,42.87,41.91,42.18,42.25,42.31,43.74,44.03,44.11,44.14,41.32,41.55,41.59,41.7,44.08,44.33,44.4,44.44
94023,Isernia,,272,940230000272,37,Scuole/istituti,5,Edifici pubblici e servizi,0,,True,42.29,42.97,43.02,43.62,42.24,42.99,43.01,43.7,38.61,40.59,40.55,41.89,42.51,43.68,43.54,44.35,41.57,42.25,42.37,43.11,43.51,44.23,44.44,44.9,39.76,40.62,40.74,41.31,43.12,43.98,44.02,45.13
94023,Isernia,,273,940230000273,1,Residenziale,1,Tessuto urbano continuo,113,,True,36.12,37.98,38.08,39.29,36.7,38.71,38.88,39.47,34.8,37.8,38.26,39.05,38.58,40.17,40.1,41.84,36.64,39.27,39.59,40.22,38.84,40.97,41.12,42.57,34.74,37.47,37.92,39.36,37.83,41.28,41.98,42.96
94023,Isernia,,276,940230000276,16,Impianto sportivo,6,Impianti sportivi,0,,True,35.58,37.37,37.36,39.1,35.03,36.74,36.73,38.09,32.96,34.92,35.17,36.32,35.93,37.86,37.85,39.55,35.39,36.71,36.51,38.22,37.22,38.72,38.68,40.1,34.68,36.25,36.32,37.83,37.81,39.67,39.64,41.44
94023,Isernia,,277,940230000277,12,Attivita produttive,2,Superficie impervia pesante,0,,True,36.89,37.78,37.8,38.62,36.75,37.97,38.07,38.89,35.38,36.7,36.63,38.11,37.48,38.6,38.74,39.6,37.56,38.51,38.63,39.47,38.75,39.63,39.8,40.54,35.4,36.91,37.07,37.7,39.5,40.46,40.4,41.76
94023,Isernia,,278,940230000278,1,Residenziale,1,Tessuto urbano continuo,40,,True,36.12,37.15,37.08,38.18,35.93,37.18,37.13,38.28,34.33,35.34,35.25,36.37,37.66,38.37,38.42,39.09,36.38,37.26,37.34,38.05,38.27,39.32,39.26,40.24,34.42,36.08,36.12,37.28,37.64,39.15,39.09,40.54
94023,Isernia,,279,940230000279,1,Residenziale,1,Tessuto urbano continuo,28,,True,41.07,41.19,41.19,41.31,40.94,41.03,41.03,41.11,38.73,38.95,38.95,39.16,41.77,41.98,41.98,42.19,41.17,41.2,41.2,41.22,43.26,43.28,43.28,43.31,39.98,40.02,40.02,40.07,43.8,43.84,43.84,43.87
94023,Isernia,,280,940230000280,53,Ludico-ricreativo/teatro/cinema,5,Edifici pubblici e servizi,0,,True,40.07,41.01,40.99,41.86,39.87,40.94,40.98,41.73,37.98,38.94,38.96,39.79,40.89,41.83,41.85,42.75,40.44,41.22,41.29,42.01,42.76,43.26,43.2,43.92,38.94,39.83,39.91,40.42,42.91,43.51,43.46,44.39
94023,Isernia,,281,940230000281,37,Scuole/istituti,5,Edifici pubblici e servizi,37,,True,41.07,41.26,41.23,41.48,40.83,41.02,40.94,41.29,38.73,38.96,38.83,39.32,41.66,41.84,41.77,42.1,40.8,41.07,41.17,41.24,42.97,43.22,43.26,43.43,39.9,40.09,40.07,40.31,43.47,43.76,43.8,44.02
94023,Isernia,,282,940230000282,2,Culto,5,Edifici pubblici e servizi,0,,True,39.59,39.95,39.91,40.34,38.62,39.2,39.02,40.02,37.13,37.65,37.56,38.19,40.13,40.63,40.53,41.18,39.15,39.4,39.48,39.57,40.37,40.58,40.61,40.93,38.4,38.75,38.81,39.14,40.41,41.31,41.58,41.81
94023,Isernia,,283,940230000283,16,Impianto sportivo,6,Impianti sportivi,0,,True,40.09,40.7,40.68,41.44,39.84,40.48,40.4,41.39,37.89,38.44,38.22,39.3,40.76,41.33,41.13,42.39,40.29,40.89,40.69,41.84,42.28,42.93,42.74,43.83,39.03,39.75,39.74,40.54,42.22,43.11,43.2,44.27
94023,Isernia,,284,940230000284,37,Scuole/istituti,5,Edifici pubblici e servizi,0,,True,41.09,41.09,41.09,41.09,40.65,40.65,40.65,40.65,38.38,38.38,38.38,38.38,41.63,41.63,41.63,41.63,40.1,40.1,40.1,40.1,41.4,41.4,41.4,41.4,39.64,39.64,39.64,39.64,42.87,42.87,42.87,42.87
94023,Isernia,,285,940230000285,1,Residenziale,1,Tessuto urbano continuo,0,,True,38.59,38.59,38.59,38.59,38.24,38.24,38.24,38.24,37.18,37.18,37.18,37.18,39.39,39.39,39.39,39.39,38.51,38.51,38.51,38.51,39.67,39.67,39.67,39.67,38.32,38.32,38.32,38.32,40.83,40.83,40.83,40.83
94023,Isernia,,286,940230000286,1,Residenziale,1,Tessuto urbano continuo,10,,True,40.07,40.46,40.09,41.21,39.3,39.66,39.46,40.23,38.56,38.99,38.71,39.71,41.57,41.9,41.66,42.46,39.73,40.22,40.02,40.91,41.03,41.3,41.36,41.51,39.96,40.26,40.0,40.83,42.02,42.42,42.36,42.88
94023,Isernia,,287,940230000287,37,Scuole/istituti,5,Edifici pubblici e servizi,0,,True,40.52,40.52,40.52,40.52,40.27,40.27,40.27,40.27,40.96,40.96,40.96,40.96,41.56,41.56,41.56,41.56,40.92,40.92,40.92,40.92,42.15,42.15,42.15,42.15,40.36,40.36,40.36,40.36,42.77,42.77,42.77,42.77
94023,Isernia,,288,940230000288,37,Scuole/istituti,5,Edifici pubblici e servizi,0,,True,38.77,39.05,39.13,39.19,38.7,39.06,39.06,39.4,37.59,37.76,37.76,37.93,39.7,40.06,40.17,40.21,38.44,38.66,38.66,38.88,40.18,40.27,40.23,40.42,38.84,38.9,38.91,38.95,40.95,41.07,41.1,41.15
94023,Isernia,,289,940230000289,10,Ferrovia,3,Rete infrastrutturale,0,,True,39.98,40.72,40.8,41.29,39.48,39.95,39.93,40.47,38.14,39.14,39.33,39.75,41.55,42.09,42.14,42.54,39.73,40.43,40.52,40.94,41.26,41.46,41.52,41.56,39.78,40.41,40.51,40.83,42.23,42.57,42.58,42.88
94023,Isernia,,290,940230000290,37,Scuole/istituti,5,Edifici pubblici e servizi,0,,True,,,,,,,,,,,,,,,,,,,,,,,,,,,,,,,,
94023,Isernia,,291,940230000291,1,Residenziale,1,Tessuto urbano continuo,60,,True,39.78,40.56,40.61,41.48,40.22,40.83,40.83,41.7,37.85,38.72,38.77,39.67,39.79,40.78,40.84,41.95,39.43,40.15,40.18,41.11,41.55,42.49,42.56,43.54,39.43,40.13,40.15,41.23,41.06,41.86,41.87,42.93
94023,Isernia,,292,940230000292,3,Monumento/palazzo storico,5,Edifici pubblici e servizi,0,,True,38.59,39.63,39.63,40.66,38.4,39.27,39.27,40.14,38.84,39.8,39.8,40.76,39.99,40.83,40.83,41.66,38.2,39.5,39.5,40.8,40.73,41.77,41.77,42.81,38.61,39.47,39.47,40.34,40.96,41.91,41.91,42.87
94023,Isernia,,293,940230000293,2,Culto,5,Edifici pubblici e servizi,11,,True,40.9,40.97,40.97,41.03,40.49,40.67,40.67,40.86,40.86,40.94,40.94,41.03,41.72,41.73,41.73,41.74,40.94,40.96,40.96,40.97,43.13,43.24,43.24,43.35,40.48,40.53,40.53,40.58,42.83,42.88,42.88,42.94
94023,Isernia,,294,940230000294,2,Culto,5,Edifici pubblici e servizi,0,,True,38.1,39.11,39.43,39.68,38.49,39.18,39.32,39.71,38.98,39.5,39.61,39.92,39.71,40.61,40.79,41.27,38.01,38.95,39.08,39.62,40.73,41.57,41.71,42.2,37.82,38.66,38.67,39.26,40.08,41.1,41.32,41.73
94023,Isernia,,295,940230000295,3,Monumento/palazzo storico,5,Edifici pubblici e servizi,0,,True,,,,,,,,,,,,,,,,,,,,,,,,,,,,,,,,
94023,Isernia,,298,940230000298,1,Residenziale,1,Tessuto urbano continuo,2,,True,38.81,38.81,38.81,38.81,38.95,38.95,38.95,38.95,38.85,38.85,38.85,38.85,39.26,39.26,39.26,39.26,38.16,38.16,38.16,38.16,40.67,40.67,40.67,40.67,38.28,38.28,38.28,38.28,40.03,40.03,40.03,40.03
94023,Isernia,,299,940230000299,2,Culto,5,Edifici pubblici e servizi,0,,True,37.88,38.86,38.94,39.74,37.49,38.55,38.47,39.69,37.06,38.53,38.55,39.99,37.9,39.41,39.48,40.85,36.94,37.96,37.88,39.05,39.49,40.71,40.7,41.94,37.25,37.99,37.83,38.9,38.74,39.74,39.59,40.9
94023,Isernia,,300,940230000300,1,Residenziale,1,Tessuto urbano continuo,10,,True,37.69,37.69,37.69,37.69,37.4,37.4,37.4,37.4,36.85,36.85,36.85,36.85,37.65,37.65,37.65,37.65,36.82,36.82,36.82,36.82,39.41,39.41,39.41,39.41,37.11,37.11,37.11,37.11,38.52,38.52,38.52,38.52
94023,Isernia,,301,940230000301,1,Residenziale,1,Tessuto urbano continuo,18,,True,39.62,39.7,39.7,39.77,39.64,39.72,39.72,39.8,39.47,39.56,39.56,39.65,40.55,40.9,40.9,41.25,38.76,38.9,38.9,39.05,41.54,41.59,41.59,41.64,38.76,38.84,38.84,38.92,41.22,41.28,41.28,41.33
94023,Isernia,,302,940230000302,29,Municipio,5,Edifici pubblici e servizi,2,,True,37.69,38.93,38.78,39.88,37.4,38.6,38.3,39.73,36.85,38.6,38.28,39.97,37.65,39.53,39.37,41.01,36.82,37.94,37.69,39.11,39.41,40.64,40.33,41.94,37.11,37.92,37.74,38.86,38.52,39.76,39.49,40.93
94023,Isernia,,303,940230000303,37,Scuole/istituti,5,Edifici pubblici e servizi,0,,True,37.97,37.97,37.97,37.97,37.82,37.82,37.82,37.82,37.2,37.2,37.2,37.2,39.76,39.76,39.76,39.76,37.43,37.43,37.43,37.43,39.95,39.95,39.95,39.95,37.62,37.62,37.62,37.62,40.16,40.16,40.16,40.16
94023,Isernia,,304,940230000304,31,Museo,5,Edifici pubblici e servizi,0,,True,36.48,37.64,37.47,38.79,36.25,37.5,37.33,38.67,36.61,37.45,37.44,38.62,38.91,39.79,39.81,40.74,36.25,37.23,37.2,38.53,39.23,40.02,39.97,40.96,36.27,37.37,37.61,38.25,37.67,38.79,38.69,39.97
94023,Isernia,,305,940230000305,1,Residenziale,1,Tessuto urbano continuo,54,,True,35.62,36.32,36.24,37.06,35.31,36.27,36.21,37.33,34.22,35.59,35.64,37.42,37.22,37.94,37.66,39.31,34.59,35.48,35.25,36.85,37.25,38.39,38.5,39.58,35.19,35.87,35.63,37.02,37.37,38.24,38.03,39.15
94023,Isernia,,306,940230000306,2,Culto,5,Edifici pubblici e servizi,0,,True,35.96,37.26,37.31,38.31,35.36,37.28,37.47,38.66,34.85,36.93,37.04,38.76,37.49,38.98,39.13,40.36,35.58,36.72,36.83,38.11,37.84,39.51,39.71,40.77,35.67,37.19,37.35,38.35,38.29,39.77,39.86,41.0
94023,Isernia,,307,940230000307,55,Centro commerciale/fiera,2,Superficie impervia pesante,1,,True,35.93,38.41,38.71,39.85,35.01,38.12,38.46,39.93,35.77,38.24,38.44,39.64,36.3,39.86,40.22,42.09,35.83,38.02,38.4,39.51,38.53,40.65,40.97,42.21,36.12,38.6,39.02,39.67,37.35,40.39,40.98,42.34
94023,Isernia,,308,940230000308,12,Attivita produttive,2,Superficie impervia pesante,0,,True,36.84,37.78,37.71,38.62,36.43,37.54,37.51,38.53,35.2,37.38,37.76,38.34,38.41,39.51,39.61,40.4,35.59,36.93,36.9,38.09,39.31,39.98,39.96,40.81,36.75,38.24,38.26,39.12,37.99,39.43,39.41,41.02
94023,Isernia,,309,940230000309,1,Residenziale,1,Tessuto urbano continuo,16,,True,37.46,38.25,38.28,38.8,37.09,38.22,38.12,39.06,36.89,37.57,37.51,38.08,38.18,39.38,39.37,40.23,36.69,37.63,37.51,38.43,40.02,40.61,40.7,40.99,37.27,38.18,38.14,38.93,39.27,40.34,40.36,41.06
94023,Isernia,,310,940230000310,1,Residenziale,1,Tessuto urbano continuo,6,,True,35.93,36.81,36.69,38.34,35.67,36.58,36.25,38.52,33.7,35.8,36.68,37.93,36.48,37.99,37.17,40.37,34.88,36.2,36.36,37.33,38.4,39.28,39.25,40.69,36.08,37.18,37.28,38.1,37.93,38.84,38.81,40.06
94023,Isernia,,311,940230000311,1,Residenziale,1,Tessuto urbano continuo,10,,True,34.53,37.23,37.44,38.85,34.6,37.36,37.64,38.41,34.34,36.74,37.06,37.72,36.19,38.65,38.82,39.78,33.7,37.08,37.41,38.71,37.67,40.33,40.36,41.55,34.82,37.52,37.61,38.84,35.37,38.8,39.19,40.06
94023,Isernia,,312,940230000312,1,Residenziale,1,Tessuto urbano continuo,13,,True,34.87,36.16,35.95,38.19,36.44,38.14,38.05,39.77,34.65,37.36,37.64,39.17,38.21,39.9,39.89,41.11,36.39,37.59,37.5,39.83,37.07,38.62,38.38,41.04,34.7,36.86,36.96,38.82,36.99,38.9,38.78,40.9
94023,Isernia,,313,940230000313,1,Residenziale,1,Tessuto urbano continuo,2,,True,34.59,36.43,36.68,38.09,35.76,37.22,37.27,39.08,35.63,37.02,37.27,38.45,39.1,40.09,40.31,40.8,36.18,37.49,37.63,38.58,37.28,38.95,39.11,40.36,34.45,35.71,35.78,37.52,36.91,38.85,39.15,39.98
94023,Isernia,,314,940230000314,1,Residenziale,1,Tessuto urbano continuo,4,,True,34.77,35.53,35.39,37.29,35.09,36.07,35.96,38.44,34.51,35.68,35.57,37.7,37.22,38.45,38.33,40.73,35.78,36.54,36.42,38.47,36.93,37.83,37.84,39.74,34.1,35.02,34.99,36.61,36.93,37.79,37.62,39.98
94023,Isernia,,315,940230000315,33,Rifiuti,5,Edifici pubblici e servizi,0,,True,30.63,37.48,38.03,40.66,29.83,36.72,37.52,40.05,29.17,34.6,35.04,38.34,31.23,39.32,39.73,43.03,30.28,37.31,37.9,40.28,31.43,37.9,38.83,41.5,29.43,35.35,35.86,39.55,30.6,38.03,38.4,41.99
94023,Isernia,,316,940230000316,28,Rocce nude/veg. rada,4,Superficie minerale nuda,0,,True,28.53,30.15,30.21,31.41,28.87,30.25,30.38,31.76,26.21,27.71,27.66,28.94,29.29,30.38,30.5,31.46,27.96,29.01,29.21,29.68,30.13,31.31,31.42,32.32,27.24,28.54,28.58,29.51,26.57,29.99,31.33,32.73
94023,Isernia,,317,940230000317,9,Ospedale/ASL,5,Edifici pubblici e servizi,4,,True,34.17,35.26,35.27,35.94,35.25,36.49,36.64,37.47,34.68,35.55,35.6,36.26,35.98,37.15,37.25,37.74,34.62,35.9,36.04,37.08,36.13,37.17,37.33,37.91,32.59,34.4,34.43,35.9,34.63,36.52,36.77,37.58
94023,Isernia,,318,940230000318,1,Residenziale,1,Tessuto urbano continuo,56,,True,34.87,36.74,36.81,37.89,34.39,36.57,36.59,38.05,33.07,34.75,34.73,35.73,36.17,38.23,38.29,39.48,35.16,37.03,37.08,38.06,36.6,38.63,38.62,39.88,33.25,35.29,35.41,36.01,36.07,38.29,38.24,39.18
94023,Isernia,,319,940230000319,15,Cimitero,5,Edifici pubblici e servizi,0,,True,36.88,36.99,36.95,37.13,35.63,35.79,35.7,36.02,34.66,34.78,34.75,35.05,38.39,38.54,38.48,38.74,36.27,36.63,36.47,37.28,37.14,37.33,37.16,38.0,33.56,33.68,33.65,33.8,40.13,40.19,40.17,40.35
94023,Isernia,,320,940230000320,1,Residenziale,1,Tessuto urbano continuo,44,,True,36.3,36.96,37.08,37.31,35.76,37.04,37.37,38.03,34.93,35.4,35.5,35.72,38.11,39.15,39.25,39.89,36.71,37.3,37.39,37.76,37.96,39.17,39.19,39.74,34.67,35.42,35.38,36.13,35.96,38.59,38.84,39.4
94023,Isernia,,321,940230000321,1,Residenziale,1,Tessuto urbano continuo,31,,True,35.95,36.46,36.52,36.68,36.4,37.2,37.33,37.51,33.79,34.51,34.27,35.63,38.43,39.68,39.84,40.24,36.45,36.7,36.65,37.11,38.33,39.27,39.43,39.67,34.91,35.2,35.18,35.57,37.16,38.13,38.18,38.61
94023,Isernia,,322,940230000322,16,Impianto sportivo,6,Impianti sportivi,0,,True,35.33,39.14,38.77,43.81,35.92,40.06,39.54,44.37,34.19,39.09,39.07,45.56,37.44,40.73,40.15,44.75,35.71,40.08,39.73,45.07,36.89,39.84,39.85,42.57,32.94,37.51,37.65,41.66,35.73,40.91,40.98,44.56
94023,Isernia,,323,940230000323,1,Residenziale,1,Tessuto urbano continuo,89,,True,33.35,35.87,36.0,37.3,34.2,36.35,36.37,38.4,31.45,34.42,34.6,36.82,35.87,37.31,37.42,38.91,34.41,36.34,36.42,37.96,36.12,38.7,38.85,40.47,33.49,35.29,35.22,36.88,33.92,37.61,37.87,39.42
94023,Isernia,,324,940230000324,22,Bosco/copertura forestale,8,Vegetazione naturale,0,,True,32.9,33.05,32.97,33.34,32.8,33.05,32.95,33.52,32.37,32.55,32.43,32.94,35.88,36.16,35.96,36.85,33.16,33.3,33.17,33.71,35.76,35.86,35.86,35.97,33.0,33.24,33.27,33.43,34.66,34.88,34.8,35.28
94023,Isernia,,325,940230000325,22,Bosco/copertura forestale,8,Vegetazione naturale,0,,True,30.55,31.63,31.49,33.69,30.37,31.41,31.01,34.22,29.24,31.02,30.95,32.71,33.75,34.71,34.41,38.03,31.39,32.21,31.96,34.57,33.74,34.62,34.5,36.77,30.07,31.38,31.15,33.7,32.22,33.13,32.78,37.38
94023,Isernia,,326,940230000326,22,Bosco/copertura forestale,8,Vegetazione naturale,0,,True,31.42,32.37,32.35,34.11,31.08,32.3,31.86,34.61,29.58,30.51,30.08,33.52,34.78,35.28,35.27,36.01,32.21,32.72,32.82,33.42,34.68,35.17,35.14,35.79,31.72,32.1,32.08,32.9,34.57,34.83,34.68,35.18
94023,Isernia,,327,940230000327,36,Strade principali,3,Rete infrastrutturale,0,,True,30.46,34.2,33.66,39.04,30.58,34.4,33.85,39.25,29.47,33.33,32.95,38.19,33.46,36.53,36.16,40.31,31.32,34.77,34.12,40.09,33.47,36.82,36.2,41.37,30.28,33.34,32.83,37.74,32.15,36.53,36.01,41.74
94023,Isernia,,328,940230000328,22,Bosco/copertura forestale,8,Vegetazione naturale,0,,True,32.26,33.02,33.12,33.68,33.18,33.87,34.08,34.36,30.69,31.34,31.2,32.13,34.35,34.65,34.59,35.0,32.4,32.67,32.6,33.01,34.53,34.83,34.81,35.14,31.84,32.36,32.38,32.86,33.91,34.19,34.16,34.49
94023,Isernia,,329,940230000329,22,Bosco/copertura forestale,8,Vegetazione naturale,0,,True,32.91,34.05,34.37,34.68,33.12,34.25,34.36,35.29,33.14,34.42,34.49,35.39,35.12,35.96,36.25,36.68,33.49,34.32,34.41,35.01,35.58,36.12,36.12,36.66,31.67,32.44,32.58,33.09,37.69,38.3,38.27,38.86
94023,Isernia,,330,940230000330,10,Ferrovia,3,Rete infrastrutturale,0,,True,29.86,32.23,31.84,35.9,30.18,32.61,31.88,36.33,29.34,31.63,30.8,34.56,32.27,34.42,33.94,37.53,30.65,32.76,32.25,36.45,32.86,34.87,34.56,39.05,29.78,31.44,30.84,35.95,31.98,35.0,35.88,38.73
94023,Isernia,,331,940230000331,22,Bosco/copertura forestale,8,Vegetazione naturale,0,,True,34.46,34.64,34.66,34.8,34.77,35.06,34.98,35.44,34.82,35.07,35.14,35.25,36.52,36.64,36.56,36.85,34.78,34.82,34.79,34.88,36.42,36.53,36.52,36.65,32.74,32.96,33.03,33.11,38.63,38.72,38.7,38.81
94023,Isernia,,332,940230000332,1,Residenziale,1,Tessuto urbano continuo,16,,True,37.5,38.85,39.05,39.54,36.38,38.29,38.41,39.43,34.61,36.73,36.97,37.98,38.09,39.27,39.27,39.85,37.07,38.47,38.53,39.19,39.33,40.62,40.7,41.44,35.53,36.62,36.56,37.5,38.87,40.7,41.01,41.65
94023,Isernia,,333,940230000333,10,Ferrovia,3,Rete infrastrutturale,0,,True,32.23,34.37,34.3,36.24,33.48,34.88,34.64,36.65,31.24,32.77,32.81,34.34,34.9,36.33,36.4,38.12,33.02,34.38,34.38,36.44,35.88,37.39,36.95,39.76,32.24,33.39,33.23,34.72,34.3,35.59,35.57,37.21
94023,Isernia,,334,940230000334,22,Bosco/copertura forestale,8,Vegetazione naturale,0,,True,33.5,34.6,34.43,36.16,33.58,34.7,34.4,36.7,31.46,32.57,32.2,34.8,36.08,37.38,37.26,38.58,34.34,35.31,35.13,36.64,36.31,37.31,37.07,38.87,32.56,33.31,33.12,34.74,34.88,36.07,35.89,37.83
94023,Isernia,,335,940230000335,12,Attivita produttive,2,Superficie impervia pesante,11,,True,31.44,33.53,33.35,35.1,32.48,34.39,34.61,35.27,29.6,31.84,31.88,33.06,33.45,35.8,35.72,37.44,31.78,34.01,34.26,34.73,33.81,36.36,36.14,38.38,31.47,33.09,33.06,34.9,33.37,34.98,35.05,36.07
94023,Isernia,,336,940230000336,36,Strade principali,3,Rete infrastrutturale,0,,True,,,,,,,,,,,,,,,,,,,,,,,,,,,,,,,,
94023,Isernia,,337,940230000337,22,Bosco/copertura forestale,8,Vegetazione naturale,109,,True,28.27,31.95,31.75,36.94,27.88,32.29,32.12,38.54,26.28,30.56,30.22,36.61,30.78,34.34,34.22,40.23,29.19,32.79,32.6,38.29,32.13,35.07,34.78,40.67,28.29,31.43,31.23,36.54,30.51,33.53,33.19,39.68
94023,Isernia,,338,940230000338,1,Residenziale,1,Tessuto urbano continuo,28,,True,34.98,36.05,36.05,37.1,35.74,37.13,37.17,38.13,33.3,34.31,34.16,35.62,36.22,37.23,37.24,38.01,34.7,35.83,36.0,36.54,37.7,38.46,38.55,38.85,34.15,35.37,35.15,36.95,34.98,36.67,36.73,37.58
94023,Isernia,,339,940230000339,36,Strade principali,3,Rete infrastrutturale,0,,True,31.5,31.58,31.58,31.65,31.46,31.54,31.54,31.63,29.65,30.09,30.09,30.54,33.43,34.04,34.04,34.65,32.0,32.37,32.37,32.75,34.5,34.71,34.71,34.91,30.41,30.58,30.58,30.75,32.6,33.22,33.22,33.84
94023,Isernia,,340,940230000340,1,Residenziale,1,Tessuto urbano continuo,32,,True,32.59,34.48,34.6,35.44,32.71,35.1,35.23,36.2,30.86,33.53,33.48,34.6,34.65,36.49,36.66,37.25,33.1,34.93,34.89,35.86,35.18,37.15,37.21,37.94,31.67,33.15,33.11,33.69,34.21,36.48,36.61,37.84
94023,Isernia,,341,940230000341,36,Strade principali,3,Rete infrastrutturale,0,,True,32.7,32.8,32.81,32.88,33.03,33.55,33.6,34.03,30.64,31.48,31.82,31.98,34.74,35.12,34.77,35.85,33.19,33.89,34.12,34.35,35.41,36.07,36.2,36.61,33.17,33.95,34.19,34.47,34.0,34.24,34.28,34.45
94023,Isernia,,342,940230000342,31,Museo,5,Edifici pubblici e servizi,0,,True,33.58,35.68,36.02,37.18,33.91,35.56,35.8,36.56,32.3,33.99,34.41,35.08,34.62,37.62,38.0,39.41,33.77,35.94,36.21,37.0,36.6,38.38,38.64,39.29,34.5,36.89,37.35,38.09,35.19,37.05,37.5,38.34
94023,Isernia,,343,940230000343,1,Residenziale,1,Tessuto urbano continuo,29,,True,33.2,34.04,34.03,35.19,33.37,34.32,34.32,35.66,30.94,32.22,32.33,33.98,34.61,35.27,35.31,36.27,33.37,34.14,34.08,35.26,35.57,36.24,36.16,37.53,31.78,32.54,32.5,33.5,34.84,35.77,35.72,37.22
94023,Isernia,,344,940230000344,1,Residenziale,1,Tessuto urbano continuo,7,,True,33.3,34.61,34.48,36.94,33.49,34.99,34.76,37.62,30.81,32.68,32.36,35.6,33.8,35.1,34.86,37.22,33.39,34.74,34.42,37.02,36.46,37.81,37.48,40.13,32.97,34.35,34.1,36.58,35.28,36.86,36.59,39.15
94023,Isernia,,345,940230000345,1,Residenziale,1,Tessuto urbano continuo,56,,True,34.65,37.29,37.45,38.52,33.52,37.13,37.11,39.09,33.04,35.79,35.97,37.49,36.59,38.79,38.95,39.82,34.64,36.8,36.91,38.08,37.89,40.02,40.07,41.33,34.04,36.18,36.29,37.37,35.26,37.59,37.73,39.03
94023,Isernia,,346,940230000346,1,Residenziale,1,Tessuto urbano continuo,36,,True,35.59,38.1,38.05,39.84,35.68,38.36,38.49,39.81,33.45,36.46,36.83,38.24,35.62,38.67,39.05,40.49,35.49,37.86,37.79,39.28,38.42,40.7,40.91,41.98,34.97,37.39,37.62,38.76,37.24,39.88,40.02,41.98
94023,Isernia,,347,940230000347,16,Impianto sportivo,6,Impianti sportivi,1,,True,33.29,35.93,36.03,38.5,33.94,36.18,36.06,38.57,31.1,33.88,33.7,38.85,33.43,36.32,36.23,39.42,32.15,35.19,35.11,37.71,34.32,37.23,37.21,39.94,30.99,34.03,34.14,36.25,30.63,33.48,33.7,35.37
94023,Isernia,,348,940230000348,8,Caserma,5,Edifici pubblici e servizi,0,,True,37.21,39.08,39.27,39.85,37.14,39.11,39.5,40.13,34.9,36.7,36.72,37.96,37.73,40.3,40.71,41.79,36.93,39.13,39.42,40.18,39.2,41.29,41.42,42.83,35.69,37.61,37.88,38.68,38.42,40.26,40.33,41.31
94023,Isernia,,349,940230000349,22,Bosco/copertura forestale,8,Vegetazione naturale,62,,True,29.66,33.53,33.45,39.89,29.69,33.55,33.44,40.43,27.81,32.16,31.98,39.48,30.76,34.51,34.56,40.01,29.94,33.24,33.21,39.42,32.35,35.86,35.7,41.8,29.85,33.45,33.32,39.27,31.22,34.88,34.76,41.12
94023,Isernia,,350,940230000350,2,Culto,5,Edifici pubblici e servizi,4,,True,33.03,34.53,34.76,35.15,32.7,34.1,34.31,34.65,32.34,33.51,33.35,34.49,34.62,35.79,36.0,36.38,32.59,33.88,34.08,34.94,34.82,35.89,35.93,36.97,33.5,34.22,34.29,35.14,34.22,35.81,35.89,37.12
94023,Isernia,,351,940230000351,12,Attivita produttive,2,Superficie impervia pesante,0,,True,32.97,34.51,34.79,35.58,33.12,34.98,35.32,36.37,31.54,33.56,34.11,34.54,34.46,36.81,37.53,38.14,33.23,35.03,35.55,36.16,35.42,37.61,38.12,38.77,33.54,35.42,36.06,36.5,34.53,36.43,36.94,37.4
94023,Isernia,,352,940230000352,1,Residenziale,1,Tessuto urbano continuo,48,,True,38.13,39.65,39.72,41.13,39.87,41.12,41.2,42.13,37.68,38.7,38.61,40.19,41.02,42.56,42.64,44.08,37.68,39.21,39.02,40.83,40.27,41.7,41.44,43.1,36.43,37.95,38.04,39.3,35.96,37.62,37.54,39.56
94023,Isernia,,353,940230000353,1,Residenziale,1,Tessuto urbano continuo,44,,True,37.75,40.0,40.09,41.3,40.06,41.34,41.47,42.32,38.89,40.44,40.95,41.53,40.84,42.43,42.54,43.29,38.42,40.07,40.3,41.08,41.44,42.67,42.66,43.61,36.49,38.22,38.41,39.23,36.37,38.15,38.14,40.17
94023,Isernia,,354,940230000354,1,Residenziale,1,Tessuto urbano continuo,31,,True,33.31,34.09,33.95,35.2,32.74,33.83,33.77,34.73,32.33,33.5,33.57,34.41,35.9,36.89,37.0,37.74,33.97,35.07,35.19,35.78,37.14,38.2,38.38,39.04,33.47,35.18,35.04,36.26,35.75,37.69,37.67,38.87
94023,Isernia,,355,940230000355,22,Bosco/copertura forestale,8,Vegetazione naturale,0,,True,33.0,34.77,34.83,37.33,32.34,34.35,34.43,37.04,33.76,35.21,35.1,36.88,33.82,35.96,36.12,39.01,32.66,34.26,34.41,36.44,35.32,37.46,37.68,39.86,33.44,35.11,35.29,37.34,34.94,36.44,36.41,39.4
94023,Isernia,,356,940230000356,12,Attivita produttive,2,Superficie impervia pesante,2,,True,37.86,41.0,41.06,43.35,39.28,41.98,41.98,44.24,37.43,40.59,40.16,44.33,40.28,42.97,42.95,45.42,37.94,40.95,41.18,42.81,41.21,43.16,42.99,45.35,37.27,39.61,39.66,41.45,38.25,41.36,41.65,43.48
94023,Isernia,,357,940230000357,36,Strade principali,3,Rete infrastrutturale,0,,True,32.01,34.63,34.01,39.1,31.42,34.28,33.62,38.98,30.35,34.43,33.94,39.52,33.02,35.71,34.87,40.79,31.66,34.2,33.53,38.4,34.64,37.27,36.72,41.52,32.22,34.86,34.39,39.55,33.68,36.42,35.96,40.48
94023,Isernia,,358,940230000358,30,Impianto produzione energia,5,Edifici pubblici e servizi,0,,True,31.17,33.96,34.25,35.74,30.33,32.19,32.26,33.74,29.89,32.89,33.24,34.65,31.12,34.65,34.81,37.48,30.79,33.51,33.84,35.31,31.28,33.48,33.71,35.01,29.24,31.62,31.58,33.15,28.38,31.91,32.34,34.05
94023,Isernia,,359,940230000359,10,Ferrovia,3,Rete infrastrutturale,4,,True,29.85,32.99,32.59,36.21,30.82,33.24,32.96,36.18,29.06,31.84,31.54,35.81,30.52,34.23,33.63,38.46,31.03,33.28,33.26,36.3,33.52,36.05,35.94,39.18,29.94,32.88,32.47,36.41,31.68,35.01,34.84,39.06
94023,Isernia,,360,940230000360,12,Attivita produttive,2,Superficie impervia pesante,21,,True,34.65,35.81,35.77,36.75,34.08,35.64,35.64,36.9,34.84,36.78,37.18,37.9,35.63,37.51,37.54,38.43,34.29,35.39,35.38,36.2,37.49,38.76,38.62,39.81,35.17,36.68,36.59,37.92,35.78,37.4,37.43,39.67
94023,Isernia,,361,940230000361,12,Attivita produttive,2,Superficie impervia pesante,0,,True,35.33,36.43,36.61,37.35,36.3,37.18,37.18,38.04,32.57,34.2,34.4,35.4,35.45,36.73,36.62,38.47,35.29,36.64,36.86,37.44,37.5,39.36,39.61,40.62,33.92,35.11,35.07,36.15,35.21,36.12,36.23,37.14
94023,Isernia,,362,940230000362,21,Cava/miniera,4,Superficie minerale nuda,13,,True,31.4,35.18,35.1,38.22,31.99,35.24,35.11,39.61,26.41,34.52,34.45,39.18,33.17,36.83,36.63,41.15,31.34,35.09,35.06,39.29,34.46,38.04,38.07,41.89,33.16,36.08,35.96,39.78,34.33,37.9,37.71,42.9
94023,Isernia,,363,940230000363,12,Attivita produttive,2,Superficie impervia pesante,0,,True,37.9,39.08,39.01,39.8,38.53,39.24,39.29,39.61,36.14,37.59,37.91,38.1,39.02,40.22,40.28,41.38,38.19,38.94,38.84,39.75,41.64,42.26,42.22,42.79,37.38,38.42,38.54,38.98,39.89,41.41,41.59,42.08
94023,Isernia,,364,940230000364,12,Attivita produttive,2,Superficie impervia pesante,0,,True,35.79,38.28,38.37,40.24,34.4,37.11,37.39,38.92,36.32,38.82,38.76,41.4,37.42,39.89,39.86,42.4,35.07,37.52,37.75,39.17,38.23,40.54,40.9,42.54,35.65,38.57,38.73,40.94,36.56,40.06,40.53,42.05
94023,Isernia,,365,940230000365,37,Scuole/istituti,5,Edifici pubblici e servizi,0,,True,38.78,40.31,40.42,41.19,38.23,39.57,39.57,40.46,39.27,40.81,40.97,41.77,40.31,42.35,42.7,43.68,37.58,39.63,39.86,40.75,41.17,42.95,43.04,44.08,38.53,40.69,41.16,41.89,39.28,41.57,41.59,44.2
94023,Isernia,,366,940230000366,12,Attivita produttive,2,Superficie impervia pesante,17,,True,33.06,36.53,36.74,38.24,33.6,36.44,36.36,38.47,31.97,34.23,34.46,35.58,33.41,36.05,36.1,37.31,34.12,36.84,37.01,38.54,35.89,39.18,39.4,41.09,34.34,36.02,35.81,37.41,34.01,35.9,35.96,37.27
94023,Isernia,,367,940230000367,10,Ferrovia,3,Rete infrastrutturale,0,,True,35.13,35.98,35.28,38.12,34.6,35.33,35.02,36.98,34.13,34.46,34.35,35.27,34.86,35.07,35.06,35.31,36.06,36.43,36.31,37.09,37.6,38.33,37.94,40.25,35.29,35.93,35.63,37.32,35.85,36.23,36.23,36.47
94023,Isernia,,368,940230000368,63,Frutteto,9,Colture agricole,10,,True,36.79,37.84,37.72,38.91,35.94,36.99,36.96,38.16,35.46,37.55,37.74,38.86,37.32,39.84,40.18,41.25,35.31,36.6,36.7,37.68,39.64,41.13,41.18,42.18,36.42,38.17,38.21,39.87,37.28,38.88,38.68,41.18
94023,Isernia,,369,940230000369,10,Ferrovia,3,Rete infrastrutturale,0,,True,36.64,37.18,37.12,37.83,36.04,36.89,36.7,38.33,36.25,36.98,36.94,37.94,36.71,37.91,38.0,39.37,34.76,36.41,36.53,37.75,39.34,39.93,39.96,40.86,35.41,36.36,36.47,37.16,36.38,38.75,39.53,40.83
94023,Isernia,,370,940230000370,63,Frutteto,9,Colture agricole,0,,True,35.08,36.67,36.71,37.91,35.34,36.5,36.4,38.01,34.61,36.4,36.41,38.44,35.06,37.27,37.15,39.7,33.44,35.72,35.72,38.5,37.76,39.33,39.25,41.36,33.58,35.74,35.81,37.37,34.26,36.98,36.75,40.37
94023,Isernia,,371,940230000371,10,Ferrovia,3,Rete infrastrutturale,0,,True,36.99,36.99,36.99,36.99,35.95,35.95,35.95,35.95,37.79,37.79,37.79,37.79,37.4,37.4,37.4,37.4,35.74,35.74,35.74,35.74,39.35,39.35,39.35,39.35,34.4,34.4,34.4,34.4,38.24,38.24,38.24,38.24
94023,Isernia,,372,940230000372,21,Cava/miniera,4,Superficie minerale nuda,0,,True,29.77,31.78,31.89,32.66,30.12,31.88,32.04,32.46,28.02,29.93,29.88,31.14,30.18,31.49,31.51,32.4,29.28,31.52,31.5,32.46,31.94,34.25,34.37,35.42,29.32,31.1,30.98,32.14,28.23,30.54,30.66,31.69
94023,Isernia,,373,940230000373,1,Residenziale,1,Tessuto urbano continuo,48,,True,36.15,37.58,37.61,38.17,37.38,38.22,38.35,38.86,36.56,38.85,39.22,40.21,38.31,39.73,39.93,40.8,36.45,37.84,37.87,39.0,39.79,41.01,41.17,41.79,36.58,38.11,38.14,38.82,37.74,39.45,39.56,40.1
94023,Isernia,,8888888,940238888888,100,Senza fissa dimora,0,Escluso (residuale),0,,True,,,,,,,,,,,,,,,,,,,,,,,,,,,,,,,,
